https://libris.kb.se/sq47c8sb5n6815r#it		Ágrip af Noregskonunga sögum
https://libris.kb.se/pm1485q71f966l0#it		Ásmundar saga kappabana
https://libris.kb.se/nl0374p61nwf20l#it		Aslak Bolts jordebok
https://libris.kb.se/vs69fbwd2bdhwdx#it		Bandamanna saga
https://libris.kb.se/sq465fhb4jr1j5t#it		Bevers saga
lokalt verk		Biskupa sǫgur
lokalt verk		Biskupa sǫgur
https://libris.kb.se/20dhmj4l01tzdzc#it		Bjarnar saga Hítdælakappa
https://libris.kb.se/53hlqm7p3xbvg9z#it	https://id.kb.se/language/eng	Bjarnar saga Hítdælakappa
https://libris.kb.se/31fjnk5m2p806h5#it	https://id.kb.se/language/dan	Bjarnar saga Hítdælakappa
https://libris.kb.se/b8nrwsdv16ln0hg#it		Bósa saga
https://libris.kb.se/mkz263q54511b0w#it	https://id.kb.se/language/swe	Bósa saga
https://libris.kb.se/nl0374r610dmvm7#it		Böglunga sögur
https://libris.kb.se/gdsw1xs057x2kq5#it		Drauma-Jóns saga
https://libris.kb.se/jgvz30v207ft505#it		Droplaugarsona saga
https://libris.kb.se/sq47c4gb5462386#it		Edda Sæmundar
https://libris.kb.se/zw9dj9mh40xrslt#it	https://id.kb.se/language/rus	Edda Sæmundar
https://libris.kb.se/31fjnfpm4gqcm3r#it	https://id.kb.se/language/fin	Edda Sæmundar
https://libris.kb.se/nl0370b612j4lgv#it	https://id.kb.se/language/hun	Edda Sæmundar
https://libris.kb.se/nl0370861pg7cxt#it	https://id.kb.se/language/nor	Edda Sæmundar
https://libris.kb.se/pm1481c720twxx0#it	https://id.kb.se/language/dan	Edda Sæmundar
https://libris.kb.se/20dhmdnl44cx2wk#it	https://id.kb.se/language/eng	Edda Sæmundar
https://libris.kb.se/qn2592b83zknfps#it	https://id.kb.se/language/swe	Edda Sæmundar
https://libris.kb.se/64jmrjsq4tx5dkx#it	https://id.kb.se/language/ger	Edda Sæmundar
lokalt verk		Edda Sæmundar. Urval
lokalt verk		Edda Sæmundar. Urval
lokalt verk		Edda Sæmundar. Urval
https://libris.kb.se/97mqvsnt1tn89b5#it		Egils saga Skallagrímssonar
https://libris.kb.se/fcrv0xsz21h59px#it	https://id.kb.se/language/fre	Egils saga Skallagrímssonar
https://libris.kb.se/hftx20w14rt5rm5#it	https://id.kb.se/language/nor	Egils saga Skallagrímssonar
https://libris.kb.se/dbqtzwrx11s89bs#it	https://id.kb.se/language/dut	Egils saga Skallagrímssonar
https://libris.kb.se/gdsw1zv03thjzqz#it	nodeID://b958044255	Egils saga Skallagrímssonar
https://libris.kb.se/khw042z31f19pc9#it	https://id.kb.se/language/ger	Egils saga Skallagrímssonar
https://libris.kb.se/jgvz31x21nmq9r3#it	https://id.kb.se/language/swe	Egils saga Skallagrímssonar
https://libris.kb.se/sq47c97b23tm6cg#it		Eiríks saga rauða
https://libris.kb.se/zw9djgdh10f4zfz#it		Erex saga
https://libris.kb.se/fcrv0xvz1cwvw25#it		Eyrbyggja saga
https://libris.kb.se/gdsw1zx00706gng#it	https://id.kb.se/language/swe	Eyrbyggja saga
https://libris.kb.se/khw042133clkldd#it	https://id.kb.se/language/fre	Eyrbyggja saga
https://libris.kb.se/hftx20z12vcqd5l#it	https://id.kb.se/language/nor	Eyrbyggja saga
https://libris.kb.se/97mqwt1t3952bxf#it		Færeyinga saga
https://libris.kb.se/hftx314122h7r0h#it		Fagrskinna
https://libris.kb.se/pm1497b7446jr0v#it		Finnboga saga ramma
https://libris.kb.se/qn25b8c80scvdr5#it		Flateyjarbók
lokalt verk		Flateyjarbók
https://libris.kb.se/nl0386c62dwbg39#it		Fljótsdæla saga
https://libris.kb.se/qn25b8f83840cx8#it		Flóamanna saga
https://libris.kb.se/gdsw206016ssff9#it		Fóstbræðra saga
https://libris.kb.se/0xbdck2j0mbr2q5#it		Friðþjófs saga
https://libris.kb.se/hftx31813bngqxp#it		Gautreks saga
https://libris.kb.se/1zcgmktk0mwnrqn#it		Gísla saga Súrssonar
https://libris.kb.se/53hlrpzp53n9c6b#it	https://id.kb.se/language/dan	Gísla saga Súrssonar
https://libris.kb.se/b8nrxv4v1gt3h1h#it	https://id.kb.se/language/ger	Gísla saga Súrssonar
https://libris.kb.se/75kntr1r13jsdfs#it	https://id.kb.se/language/nor	Gísla saga Súrssonar
https://libris.kb.se/64jmsq0q1mf8nr6#it	https://id.kb.se/language/eng	Gísla saga Súrssonar
https://libris.kb.se/97mqwt3t50gq431#it	https://id.kb.se/language/swe	Gísla saga Súrssonar
https://libris.kb.se/20dgfm4l5rr8kcj#it		Grettis saga
https://libris.kb.se/qn25b8l85j7zx9k#it	https://id.kb.se/language/dan	Grettis saga
https://libris.kb.se/rp36c9m933rks0t#it	https://id.kb.se/language/eng	Grettis saga
https://libris.kb.se/wt7bhfwf1nmvxf3#it		Guðmundar saga biskups
https://libris.kb.se/42gjhp6n0rcz5xd#it		Gulaþingslög hin eldri
https://libris.kb.se/pm1497q70js2dj6#it		Gunnlaugs saga ormstungu
https://libris.kb.se/zw9dkh1h22r9g4g#it	https://id.kb.se/language/eng	Gunnlaugs saga ormstungu
https://libris.kb.se/1zcgmk3k44vn53x#it	https://id.kb.se/language/fao	Gunnlaugs saga ormstungu
https://libris.kb.se/0xbflj2j4h7dsf6#it	https://id.kb.se/language/fre	Gunnlaugs saga ormstungu
https://libris.kb.se/vs69gdxd4hnrxnp#it	https://id.kb.se/language/pol	Gunnlaugs saga ormstungu
https://libris.kb.se/wt7bhfzf43z33lm#it	https://id.kb.se/language/cze	Gunnlaugs saga ormstungu
https://libris.kb.se/20dhnl4l0t33xlr#it	https://id.kb.se/language/nor	Gunnlaugs saga ormstungu
https://libris.kb.se/tr58fcwc24jnvt9#it	https://id.kb.se/language/ger	Gunnlaugs saga ormstungu
https://libris.kb.se/sq47dbvb0zbwq1c#it	https://id.kb.se/language/swe	Gunnlaugs saga ormstungu
https://libris.kb.se/53hlrp7p37nt2sk#it		Gyðinga saga
https://libris.kb.se/nl0387964n9kf4w#it		Hænsa-Þóris saga
https://libris.kb.se/53hlrpdp5kjrxdz#it		Hákonar saga Ìvarssonar
https://libris.kb.se/64jmsqfq2gc4cnm#it		Hákonar þáttur Hárekssonar
https://libris.kb.se/75kntrgr0mtdmcc#it		Hálfdanar saga Eysteinssonar
https://libris.kb.se/97mqwtjt5mqf0nn#it		Hálfs saga ok Hálfsrekka
https://libris.kb.se/fcrv1znz5s86j11#it		Hárbarðsljóð
https://libris.kb.se/0xbflj7j2pb3hfp#it		Harðar saga
https://libris.kb.se/86lptqzs3cp055f#it		Hauksbók
https://libris.kb.se/hwljwd0jf72xz2bf#it	https://id.kb.se/language/eng	Hávamál
https://libris.kb.se/1zcglc5k3x8wr0x#it		Hávamál
https://libris.kb.se/nl0386x61mnp3wh#it		Hávarðar saga Ísfirðings
https://libris.kb.se/pm1497z713svv1p#it	https://id.kb.se/language/nor	Hávarðar saga Ísfirðings
https://libris.kb.se/rp36c9194xm02nx#it	https://id.kb.se/language/ger	Hávarðar saga Ísfirðings
https://libris.kb.se/sq47db2b46nr6d1#it		Heiðarvíga saga
lokalt verk		Heilagra manna sögur
https://libris.kb.se/b8nrxvqv0ls2vfm#it		Helga kviða Hjörvarðssonar
https://libris.kb.se/hftx31z155gk490#it		Hemings þáttur Áslákssonar
https://libris.kb.se/0xbfljgj2blszj0#it		Hervarar saga og Heiðreks
https://libris.kb.se/c9pszwtw1b96rsp#it	https://id.kb.se/language/swe	Hervarar saga og Heiðreks
https://libris.kb.se/zw9dkhgh1ppvvjw#it		Hrafnkels saga Freysgoða
https://libris.kb.se/53hlrpnp1xdb0g7#it	https://id.kb.se/language/cze	Hrafnkels saga Freysgoða
https://libris.kb.se/42gkqnmn0skml0f#it	https://id.kb.se/language/swe	Hrafnkels saga Freysgoða
https://libris.kb.se/20dhnlkl164lz0v#it	https://id.kb.se/language/nor	Hrafnkels saga Freysgoða
https://libris.kb.se/64jmsqpq4px0jk3#it	https://id.kb.se/language/ger	Hrafnkels saga Freysgoða
https://libris.kb.se/ljx165643q97kv4#it		Hrafns saga Sveinbjarnarsonar
https://libris.kb.se/mkz276754wht0jl#it	https://id.kb.se/language/eng	Hrafns saga Sveinbjarnarsonar
https://libris.kb.se/53hlrqrp1qmlh6z#it	https://id.kb.se/language/ger	Hrólfs saga kraka
https://libris.kb.se/42gkqpqn1bwk191#it	https://id.kb.se/language/nno	Hrólfs saga kraka
https://libris.kb.se/31fjpnpm4j0fnj8#it	https://id.kb.se/language/eng	Hrólfs saga kraka
https://libris.kb.se/zw9dkjmh0pvwfbf#it		Jarlmanns saga og Hermanns
https://libris.kb.se/0xbflknj330vtgr#it	https://id.kb.se/language/swe	Jarlmanns saga og Hermanns
https://libris.kb.se/20dhnmql26zlzb8#it		Jómsvikinga saga
https://libris.kb.se/42gkqpsn0qhfk6z#it		Jóns saga helga
https://libris.kb.se/rp36cb7923jtl7b#it		Jónsbók
https://libris.kb.se/64jmsrnq5qjg72g#it		Karlamagnús saga
https://libris.kb.se/b8nr0wmv14mrczf#it		Karls þáttur vesæla
https://libris.kb.se/rp36ccc92b06g8c#it		Kjalnesinga saga
https://libris.kb.se/wt7bhhhf3l504bj#it		Konraðs saga keisarasonar
https://libris.kb.se/1zcgmmsk5qn29h0#it		Kormáks saga
https://libris.kb.se/20dhnntl2fm5wb7#it	https://id.kb.se/language/eng	Kormáks saga
https://libris.kb.se/64jmsszq3cr09xx#it		Kristni saga
https://libris.kb.se/hftx2z7129jr2dh#it		Landnámabók
https://libris.kb.se/fcrv117z2s20d29#it		Laxdæla saga
https://libris.kb.se/0xbflltj2qtf3vb#it	https://id.kb.se/language/swe	Laxdæla saga
https://libris.kb.se/vs69ggpd2kpnr19#it	https://id.kb.se/language/fao	Laxdæla saga
https://libris.kb.se/zw9dkksh5gzhrdn#it	https://id.kb.se/language/pol	Laxdæla saga
https://libris.kb.se/tr58ffnc5c8lmkh#it	https://id.kb.se/language/dan	Laxdæla saga
https://libris.kb.se/wt7bhhqf0573g97#it	https://id.kb.se/language/nor	Laxdæla saga
https://libris.kb.se/53hlrr7p0s59m5g#it		Mágus saga
https://libris.kb.se/42gkqqzn33k50gl#it		Maríu saga
https://libris.kb.se/20dhnn5l2dfd1sv#it		Morkinskinna
https://libris.kb.se/31fjmz1m19hxgvv#it		Möttuls saga
https://libris.kb.se/dbqsrzhx02sc21m#it		Nikolaus saga erkibiskups
https://libris.kb.se/fcrts0jz2mfps0h#it		Njáls saga
https://libris.kb.se/c9pszzlw434l857#it	https://id.kb.se/language/fao	Njáls saga
https://libris.kb.se/fcrv11nz1z99x1n#it	https://id.kb.se/language/pol	Njáls saga
https://libris.kb.se/b8nrxxkv4j7k0lr#it	https://id.kb.se/language/fre	Njáls saga
https://libris.kb.se/86lpvvhs0zwml3z#it	https://id.kb.se/language/dan	Njáls saga
https://libris.kb.se/dbqt00mx0s2ds44#it	https://id.kb.se/language/nor	Njáls saga
https://libris.kb.se/86lpszns1htdp7q#it	https://id.kb.se/language/swe	Njáls saga
https://libris.kb.se/64jlkrcq0nsn9b5#it		Ólafs drápa Tryggvasonar
https://libris.kb.se/jgvz4cg222w0scd#it		Ólafs saga helga (legendariska sagan)
https://libris.kb.se/khw05dh310fr4mg#it		Ólafs saga helga (äldsta sagan)
https://libris.kb.se/nl038hl623t621t#it		Ólafs saga hins helga hin mesta
https://libris.kb.se/42gkqqgn16hbr7b#it		Ólafs saga Tryggvasonar
https://libris.kb.se/75knttjr4s0vt95#it		Orkneyinga saga
https://libris.kb.se/86lpvvks1shmjlj#it	https://id.kb.se/language/dan	Orkneyinga saga
https://libris.kb.se/c9pszznw4z2q4xq#it	https://id.kb.se/language/nor	Orkneyinga saga
https://libris.kb.se/b8nrxxmv3p3xmd4#it	https://id.kb.se/language/swe	Orkneyinga saga
https://libris.kb.se/dbqt00px1m6wt7k#it	https://id.kb.se/language/eng	Orkneyinga saga
https://libris.kb.se/zw9dkkbh2pzhgj5#it		Páls saga biskups
https://libris.kb.se/nl0388164hq5kv4#it		Partalópa saga
https://libris.kb.se/20dhnnfl05jzdwq#it		Ragnars saga loðbrókar
https://libris.kb.se/wt7bhkpf034vcch#it		Reginsmál
https://libris.kb.se/zw9dkmrh5g8v8s0#it		Reykdæla saga
https://libris.kb.se/31fjprwm57kqntf#it		Rómverja saga
https://libris.kb.se/b8nrx04v264r641#it		Sigurðar saga fóts
https://libris.kb.se/fcrv137z4r67ngd#it		Sigurðar saga þögla
https://libris.kb.se/c9psz16w410v1nn#it		Skjöldunga saga
https://libris.kb.se/42gkqs1n3kxw1kg#it		Sólarljóð
https://libris.kb.se/42gkqs2n0xxrnzr#it		Stúfs þáttur
https://libris.kb.se/1zcgmvvk420m6nb#it		Sturlunga saga
https://libris.kb.se/jgvz46t235tbl3f#it		Svarfdæla saga
https://libris.kb.se/ljx16bh40w14wrj#it		Þjalar-Jóns saga
https://libris.kb.se/sq47djpb2jmkhzq#it		Þorgils saga og Hafliða
https://libris.kb.se/wt7bhmsf5mv9tgv#it		Þorleifs þáttur jarlsskálds
https://libris.kb.se/0xbflqwj32rr40f#it		Þorskfirðinga saga
https://libris.kb.se/pm149fq756stdmz#it		Þorsteins Þattur tjaldstæðings
https://libris.kb.se/86lpvz0s44r65mb#it		Trójumanna saga
https://libris.kb.se/b8nrx12v22lx60x#it		Vafþrúðnismál
https://libris.kb.se/hftx3681533rd2l#it		Valla-Ljóts saga
https://libris.kb.se/khw058b315qfwdg#it		Vatnsdæla saga
https://libris.kb.se/20dhnrtl38vgq7r#it	https://id.kb.se/language/cze	Vatnsdæla saga
https://libris.kb.se/mkz27bd550xn0t1#it	https://id.kb.se/language/nor	Vatnsdæla saga
https://libris.kb.se/1zcgmqsk0pr20j0#it	https://id.kb.se/language/swe	Vatnsdæla saga
https://libris.kb.se/ljx169c43zvhpwm#it	https://id.kb.se/language/eng	Vatnsdæla saga
https://libris.kb.se/86lpvz7s3tfzhv3#it		Veraldar saga
https://libris.kb.se/fcrv14dz50618wd#it		Víga-Glúms saga
https://libris.kb.se/c9psz2pw5nzspk6#it		Víglundar saga
https://libris.kb.se/97mqw08t4rqz697#it		Viktors saga og Blávus
https://libris.kb.se/fcrv14rz0c2w0mf#it		Vopnfirðinga saga
https://libris.kb.se/20dhnrfl1xrg3z9#it		Völsunga saga
https://libris.kb.se/b8nrx1pv3xd88vk#it	https://id.kb.se/language/rus	Völsunga saga
https://libris.kb.se/97mqw0nt14vqw5p#it	https://id.kb.se/language/nor	Völsunga saga
https://libris.kb.se/c9psz2qw527r895#it	https://id.kb.se/language/swe	Völsunga saga
https://libris.kb.se/42gkqthn1j5f012#it	https://id.kb.se/language/dan	Völsunga saga
https://libris.kb.se/86lpvzms1l0pcmm#it	https://id.kb.se/language/ita	Völsunga saga
https://libris.kb.se/dbqt03rx1qlqtvv#it	https://id.kb.se/language/cze	Völsunga saga
https://libris.kb.se/gdsw25v04jbc4w5#it	https://id.kb.se/language/ger	Völsunga saga
https://libris.kb.se/64jmswkq3zcqfv4#it	https://id.kb.se/language/eng	Völsunga saga
https://libris.kb.se/jgvz47x21003dc9#it		Völundarkviða
https://libris.kb.se/gdsw1sm004tfcnp#it		Völuspá
https://libris.kb.se/dbqtzqjx0ckbc9s#it	https://id.kb.se/language/swe	Völuspá
https://libris.kb.se/97mqvmft2j7s6bw#it	https://id.kb.se/language/dan	Völuspá
https://libris.kb.se/dbqt03vx1xl3pns#it	https://id.kb.se/language/swe	Yngvars saga viðförla
https://libris.kb.se/1zcgmptk02q9h88#it		Rémundar saga keisarasonar
https://libris.kb.se/53hlrtzp4fqcpm4#it		Samsons saga fagra
lokalt verk		Tipiṭaka. Abhidhammapiṭaka. Kathāvatthu
lokalt verk		Tipiṭaka. Abhidhammapiṭaka. Yamaka
lokalt verk		Aggadat Bereshit
https://libris.kb.se/b8nr0qnv14mgt30#it		Amarnabreven
lokalt verk		Ardā-Vīrāf-nāmak
https://libris.kb.se/wt798g2f2kg2ftj#it		Āśvalāyanagr̥hyasūtra
lokalt verk		Atharvaveda
https://libris.kb.se/0xbdgvzj27h519w#it		Augsburgska bekännelsen
https://libris.kb.se/rp358t1954wdlbh#it		Avesta
https://libris.kb.se/20dgfm3l2tpr6s1#it	https://id.kb.se/language/lat	Talmud. Minor tractates. Avot de-Rabbi Nathan
https://libris.kb.se/31fhgn4m07pgl5t#it		Talmud. Minor tractates. Avot de-Rabbi Nathan
https://libris.kb.se/31fjmr4m4rwsssc#it		Bhagavadgītā
lokalt verk		Bhagavadgītā. Urval
https://libris.kb.se/pm135dp70m8rcx4#it		Bibeln
https://libris.kb.se/mxb6dhp7k7vp0301#it		Bibeln
lokalt verk		Bibeln
lokalt verk		Bibeln
lokalt verk		Bibeln
https://libris.kb.se/tr57b7lc0xd78c2#it	https://id.kb.se/language/eng	Bibeln
https://libris.kb.se/c9prvr3w5kcjxzz#it	https://id.kb.se/language/eng	Bibeln
https://libris.kb.se/20dgkkvl1gwmv5n#it	https://id.kb.se/language/eng	Bibeln
https://libris.kb.se/86lptpfs0f7871x#it	https://id.kb.se/language/swe	Bibeln
https://libris.kb.se/qn2592r81b4q8ks#it	https://id.kb.se/language/swe	Bibeln
https://libris.kb.se/c9psw2rw51h11sv#it	https://id.kb.se/language/ice	Bibeln
https://libris.kb.se/97mqvsdt1f0q7z9#it	https://id.kb.se/language/swe	Bibeln
https://libris.kb.se/jgvz23g22n2hq11#it	https://id.kb.se/language/swe	Bibeln
https://libris.kb.se/pm1479b73505d37#it	https://id.kb.se/language/swe	Bibeln
https://libris.kb.se/mkz257653lps58w#it	https://id.kb.se/language/swe	Bibeln
https://libris.kb.se/31fhlkjm2sxzkpj#it	https://id.kb.se/language/swe	Bibeln
https://libris.kb.se/ljx153n43vl5lrf#it	https://id.kb.se/language/swe	Bibeln
https://libris.kb.se/42gkpm4n0271n82#it	https://id.kb.se/language/swe	Bibeln
https://libris.kb.se/sq4696kb24zqvsb#it	https://id.kb.se/language/eng	Bibeln
https://libris.kb.se/zw9dj8dh45f0c2v#it	https://id.kb.se/language/swe	Bibeln
https://libris.kb.se/rp36b3v90wz4t1k#it	https://id.kb.se/language/swe	Bibeln
https://libris.kb.se/75kmm34r3vb7klc#it		Bibeln. Amos
https://libris.kb.se/rp3587v95g5l6qp#it		Bibeln. Daniel
https://libris.kb.se/hftw00c11gtd98b#it		Bibeln. Evangelierna
https://libris.kb.se/fcrtw4dz4xp92kq#it		Bibeln. Gamla Testamentet
https://libris.kb.se/dbqswk2x0tc9dhx#it	https://id.kb.se/language/gez	Bibeln. Gamla Testamentet
https://libris.kb.se/20dhll3l12hmn1j#it	https://id.kb.se/language/eng	Bibeln. Gamla Testamentet
https://libris.kb.se/c9prvvmw28c6mxq#it		Bibeln. Habackuk
https://libris.kb.se/sq4699nb12clchc#it		Bibeln. Hesekiel
https://libris.kb.se/wt79dd7f376bmkc#it		Bibeln. Hosea
https://libris.kb.se/sq47bbmb49n13wb#it		Bibeln. Jeremia
https://libris.kb.se/tr58ccnc4pckdq2#it		Bibeln. Jesaja
https://libris.kb.se/wt79ddnf3hznw3h#it		Bibeln. Johannesevangeliet
https://libris.kb.se/31fjmmdm088nbkt#it		Bibeln. Klagovisorna
https://libris.kb.se/1zcffz0k2rqzr23#it		Bibeln. Matteusevangeliet
https://libris.kb.se/vs69j2dd4x2vjm1#it	https://id.kb.se/language/swe	Bibeln. Nya Testamentet
https://libris.kb.se/gdsvx5g0326w65f#it		Bibeln. Nya Testamentet
https://libris.kb.se/fcrtxl3z1wt6rl8#it	https://id.kb.se/language/gez	Bibeln. Nya Testamentet
https://libris.kb.se/75knsq8r42844ct#it	https://id.kb.se/language/swe	Bibeln. Nya Testamentet
https://libris.kb.se/mkz257852chg8nf#it	https://id.kb.se/language/swe	Bibeln. Nya Testamentet
https://libris.kb.se/jgvz4d5228h0j12#it		Bibeln. Paulus-breven
https://libris.kb.se/31fjmq1m1xgz1jr#it		Bibeln. Psaltaren
https://libris.kb.se/75kmqmmr1pjccd7#it	https://id.kb.se/language/ang	Bibeln. Psaltaren
https://libris.kb.se/mkz14mc52xnblwd#it		Bibeln. Rut
https://libris.kb.se/97mqtxnt224k12d#it		Bibeln. Synoptiska evangelierna
https://libris.kb.se/0xbdhgcj193zk5w#it		Bibeln. Uppenbarelseboken
lokalt verk		Bibeln. Apokryferna. Mackabéerböckerna
lokalt verk		Bibeln
lokalt verk		Bibeln
lokalt verk		Bibeln
lokalt verk		Bibeln
lokalt verk		Bibeln
lokalt verk		Bibeln
lokalt verk		Bibeln
lokalt verk		Bibeln
lokalt verk		Bibeln
lokalt verk		Bibeln
lokalt verk		Bibeln
lokalt verk		Bibeln
lokalt verk		Bibeln
lokalt verk		Bibeln
lokalt verk		Bibeln
lokalt verk		Bibeln
lokalt verk		Bibeln
lokalt verk		Bibeln
lokalt verk		Bibeln
lokalt verk		Bibeln
lokalt verk		Bibeln
lokalt verk		Bibeln
lokalt verk		Bibeln
lokalt verk		Bibeln
lokalt verk		Bibeln
lokalt verk		Bibeln
lokalt verk		Bibeln
lokalt verk		Bibeln
lokalt verk		Bibeln
lokalt verk		Bibeln
lokalt verk		Bibeln
lokalt verk		Bibeln
lokalt verk		Bibeln
lokalt verk		Bibeln
lokalt verk		Bibeln
lokalt verk		Bibeln
lokalt verk		Bibeln
lokalt verk		Bibeln
lokalt verk		Bibeln
lokalt verk		Bibeln
lokalt verk		Bibeln
lokalt verk		Bibeln
lokalt verk		Bibeln
lokalt verk		Bibeln
lokalt verk		Bibeln
lokalt verk		Bibeln
lokalt verk		Bibeln
lokalt verk		Bibeln
lokalt verk		Bibeln
lokalt verk		Bibeln
lokalt verk		Bibeln
lokalt verk		Bibeln
lokalt verk		Bibeln
lokalt verk		Bibeln
lokalt verk		Bibeln
lokalt verk		Bibeln
lokalt verk		Bibeln
lokalt verk		Bibeln
lokalt verk		Bibeln
lokalt verk		Bibeln
lokalt verk		Bibeln
lokalt verk		Bibeln
lokalt verk		Bibeln
lokalt verk		Bibeln
lokalt verk		Bibeln
lokalt verk		Bibeln
lokalt verk		Bibeln
lokalt verk		Bibeln
lokalt verk		Bibeln
lokalt verk		Bibeln. Apokryferna
lokalt verk		Bibeln. Apokryferna
lokalt verk		Bibeln. Apokryferna
lokalt verk		Bibeln. Apokryferna
lokalt verk		Bibeln. Apostlagärningarna
lokalt verk		Bibeln. Apostlagärningarna
lokalt verk		Bibeln. Ester
lokalt verk		Bibeln. Evangelierna
lokalt verk		Bibeln. Evangelierna
lokalt verk		Bibeln. Evangelierna
lokalt verk		Bibeln. Evangelierna
lokalt verk		Bibeln. Evangelierna
lokalt verk		Bibeln. Evangelierna
lokalt verk		Bibeln. Evangelierna
lokalt verk		Bibeln. Gamla Testamentet
lokalt verk		Bibeln. Gamla Testamentet
lokalt verk		Bibeln. Gamla Testamentet
lokalt verk		Bibeln. Gamla Testamentet
lokalt verk		Bibeln. Gamla Testamentet
lokalt verk		Bibeln. Gamla Testamentet
lokalt verk		Bibeln. Gamla Testamentet
lokalt verk		Bibeln. Gamla Testamentet
lokalt verk		Bibeln. Gamla Testamentet
lokalt verk		Bibeln. Gamla Testamentet
lokalt verk		Bibeln. Gamla Testamentet
lokalt verk		Bibeln. Gamla Testamentet
lokalt verk		Bibeln. Gamla Testamentet
lokalt verk		Bibeln. Gamla Testamentet
lokalt verk		Bibeln. Gamla Testamentet. Urval
lokalt verk		Bibeln. Gamla Testamentet
lokalt verk		Bibeln. Gamla Testamentet
lokalt verk		Bibeln. Gamla Testamentet
lokalt verk		Bibeln. Gamla Testamentet
lokalt verk		Bibeln. Gamla Testamentet
lokalt verk		Bibeln. Gamla Testamentet
lokalt verk		Bibeln. Gamla Testamentet
lokalt verk		Bibeln. Gamla Testamentet. Urval
lokalt verk		Bibeln. Historiska böckerna
lokalt verk		Bibeln. Historiska böckerna. Urval
lokalt verk		Bibeln. Jesaja
lokalt verk		Bibeln. Jesaja
lokalt verk		Bibeln. Jesaja
lokalt verk		Bibeln. Jesaja
lokalt verk		Bibeln. Job
lokalt verk		Bibeln. Johannesevangeliet
lokalt verk		Bibeln. Johannesevangeliet
lokalt verk		Bibeln. Johannesevangeliet
lokalt verk		Bibeln. Krönikeböckerna
lokalt verk		Bibeln. Lukasevangeliet
lokalt verk		Bibeln. Lukasevangeliet
lokalt verk		Bibeln. Markusevangeliet
lokalt verk		Bibeln. Markusevangeliet
lokalt verk		Bibeln. Markusevangeliet
lokalt verk		Bibeln. Markusevangeliet
lokalt verk		Bibeln. Matteusevangeliet
lokalt verk		Bibeln. Matteusevangeliet
lokalt verk		Bibeln. Matteusevangeliet
lokalt verk		Bibeln. Moseboken 1 
lokalt verk		Bibeln. Moseboken 1. Urval
lokalt verk		Bibeln. Moseböckerna
lokalt verk		Bibeln. Moseböckerna
lokalt verk		Bibeln. Moseböckerna
lokalt verk		Bibeln. Moseböckerna
lokalt verk		Bibeln. Moseböckerna
lokalt verk		Bibeln. Moseböckerna. Urval
lokalt verk		Bibeln. Nya Testamentet
lokalt verk		Bibeln. Nya Testamentet
lokalt verk		Bibeln. Nya Testamentet
lokalt verk		Bibeln. Nya Testamentet
lokalt verk		Bibeln. Nya Testamentet
lokalt verk		Bibeln. Nya Testamentet
lokalt verk		Bibeln. Nya Testamentet
lokalt verk		Bibeln. Nya Testamentet
lokalt verk		Bibeln. Nya Testamentet
lokalt verk		Bibeln. Nya Testamentet
lokalt verk		Bibeln. Nya Testamentet
lokalt verk		Bibeln. Nya Testamentet
lokalt verk		Bibeln. Nya Testamentet
lokalt verk		Bibeln. Nya Testamentet
lokalt verk		Bibeln. Nya Testamentet
lokalt verk		Bibeln. Nya Testamentet
lokalt verk		Bibeln. Nya Testamentet
lokalt verk		Bibeln. Nya Testamentet
lokalt verk		Bibeln. Nya Testamentet
lokalt verk		Bibeln. Nya Testamentet
lokalt verk		Bibeln. Nya Testamentet
lokalt verk		Bibeln. Nya Testamentet
lokalt verk		Bibeln. Nya Testamentet
lokalt verk		Bibeln. Nya Testamentet
lokalt verk		Bibeln. Nya Testamentet
lokalt verk		Bibeln. Nya Testamentet
lokalt verk		Bibeln. Nya Testamentet
lokalt verk		Bibeln. Nya Testamentet. Urval
lokalt verk		Bibeln. Nya Testamentet
lokalt verk		Bibeln. Nya Testamentet. Urval
lokalt verk		Bibeln. Nya Testamentet
lokalt verk		Bibeln. Nya Testamentet
lokalt verk		Bibeln. Nya Testamentet
lokalt verk		Bibeln. Nya Testamentet
lokalt verk		Bibeln. Nya Testamentet
lokalt verk		Bibeln. Nya Testamentet
lokalt verk		Bibeln. Nya Testamentet
lokalt verk		Bibeln. Nya Testamentet
lokalt verk		Bibeln. Nya Testamentet
lokalt verk		Bibeln. Nya Testamentet
lokalt verk		Bibeln. Nya Testamentet
lokalt verk		Bibeln. Nya Testamentet
lokalt verk		Bibeln. Nya Testamentet
lokalt verk		Bibeln. Nya Testamentet
lokalt verk		Bibeln. Nya Testamentet
lokalt verk		Bibeln. Nya Testamentet
lokalt verk		Bibeln. Nya Testamentet. Urval
lokalt verk		Bibeln. Paulus-breven. Urval
lokalt verk		Bibeln. Poetiska böckerna. Urval
lokalt verk		Bibeln. Profetiska böckerna. Urval
lokalt verk		Bibeln. Profetiska böckerna
lokalt verk		Bibeln. Profetiska böckerna
lokalt verk		Bibeln. Profetiska böckerna
lokalt verk		Bibeln. Psaltaren
lokalt verk		Bibeln. Psaltaren. Urval
lokalt verk		Bibeln. Psaltaren
lokalt verk		Bibeln. Psaltaren
lokalt verk		Bibeln. Psaltaren
lokalt verk		Bibeln. Psaltaren
lokalt verk		Bibeln. Psaltaren
lokalt verk		Bibeln. Psaltaren
lokalt verk		Bibeln. Psaltaren
lokalt verk		Bibeln. Psaltaren 
lokalt verk		Bibeln. Samuelsböckerna
lokalt verk		Bibeln. Tolvprofetboken
lokalt verk		Bibeln. Uppenbarelseboken
lokalt verk		Bibeln. Uppenbarelseboken
lokalt verk		Bibeln. Urval
lokalt verk		Bibeln. Urval
lokalt verk		Bibeln. Urval
lokalt verk		Bibeln. Urval
lokalt verk		Bibeln. Urval
lokalt verk		Bibeln. Urval
lokalt verk		Bibeln. Urval
lokalt verk		Bibeln. Gamla Testamentet. Urval
lokalt verk		Bibeln. Gamla Testamentet. Urval
lokalt verk		Bibeln. Gamla Testamentet. Urval
lokalt verk		Bibeln
lokalt verk		Bibeln. Breven. Urval
lokalt verk		Bibeln. Breven. Urval
lokalt verk		Bibeln. Daniel
lokalt verk		Bibeln. Evangelierna
lokalt verk		Bibeln. Evangelierna
lokalt verk		Bibeln. Evangelierna
lokalt verk		Bibeln. Evangelierna
lokalt verk		Bibeln. Gamla Testamentet
lokalt verk		Bibeln. Gamla Testamentet. Urval
lokalt verk		Bibeln. Gamla Testamentet. Urval
lokalt verk		Bibeln. Gamla Testamentet. Urval
lokalt verk		Bibeln. Historiska böckerna
lokalt verk		Bibeln. Höga visan
lokalt verk		Bibeln. Höga visan
lokalt verk		Bibeln. Höga visan
lokalt verk		Bibeln. Jesaja
lokalt verk		Bibeln. Jesaja
lokalt verk		Bibeln. Johannesevangeliet
lokalt verk		Bibeln. Matteusevangeliet. Urval
lokalt verk		Bibeln. Moseböckerna
lokalt verk		Bibeln. Nya Testamentet
lokalt verk		Bibeln. Nya Testamentet
lokalt verk		Bibeln. Nya Testamentet
lokalt verk		Bibeln. Nya Testamentet
lokalt verk		Bibeln. Nya Testamentet. Urval
lokalt verk		Bibeln. Nya Testamentet
lokalt verk		Bibeln. Nya Testamentet
lokalt verk		Bibeln. Nya Testamentet
lokalt verk		Bibeln. Nya Testamentet
lokalt verk		Bibeln. Nya Testamentet
lokalt verk		Bibeln. Nya Testamentet
lokalt verk		Bibeln. Nya Testamentet
lokalt verk		Bibeln. Ordspråksboken
lokalt verk		Bibeln. Paulus-breven
lokalt verk		Bibeln. Profetiska böckerna
lokalt verk		Bibeln. Psaltaren
lokalt verk		Bibeln. Psaltaren
lokalt verk		Bibeln. Psaltaren
lokalt verk		Bibeln. Psaltaren. Urval
lokalt verk		Bibeln. Psaltaren. Urval
lokalt verk		Bibeln. Psaltaren
lokalt verk		Bibeln. Psaltaren
lokalt verk		Bibeln. Psaltaren
lokalt verk		Bibeln. Psaltaren
lokalt verk		Bibeln. Psaltaren
lokalt verk		Bibeln. Psaltaren
lokalt verk		Bibeln. Psaltaren
lokalt verk		Bibeln. Psaltaren
lokalt verk		Bibeln. Psaltaren
lokalt verk		Bibeln. Psaltaren
lokalt verk		Bibeln. Psaltaren
lokalt verk		Bibeln. Psaltaren
lokalt verk		Bibeln. Psaltaren
lokalt verk		Bibeln. Psaltaren
lokalt verk		Bibeln. Psaltaren
lokalt verk		Bibeln. Psaltaren
lokalt verk		Bibeln. Psaltaren
lokalt verk		Bibeln. Psaltaren
lokalt verk		Bibeln. Psaltaren
lokalt verk		Bibeln. Psaltaren
lokalt verk		Bibeln. Psaltaren
lokalt verk		Bibeln. Psaltaren
lokalt verk		Bibeln. Psaltaren
lokalt verk		Bibeln. Psaltaren. Urval
lokalt verk		Bibeln. Psaltaren
lokalt verk		Bibeln. Psaltaren
lokalt verk		Bibeln. Psaltaren
lokalt verk		Bibeln. Psaltaren. Urval
lokalt verk		Bibeln. Psaltaren. Urval
lokalt verk		Bibeln. Psaltaren. Urval
lokalt verk		Bibeln. Romarbrevet
lokalt verk		Bibeln. Uppenbarelseboken
lokalt verk		Bibeln. Uppenbarelseboken
lokalt verk		Bibeln. Urval
lokalt verk		Bibeln
lokalt verk		Bibeln. Urval
https://libris.kb.se/53hkjw5p3zbk90g#it		Biblia pauperum
lokalt verk		Bibeln. Psaltaren
lokalt verk		Bibeln
lokalt verk		Bibeln. Nya Testamentet
https://libris.kb.se/hftwv2k13k9zb31#it		Bi yan lu
lokalt verk		Mormons bok
lokalt verk		Brahmanas. Jaiminīyabrāhmana
lokalt verk		
https://libris.kb.se/31fjrrtm10nmvdh#it		Danske Psalmebog
https://libris.kb.se/b8nrvv0v5s78fkq#it		Den svenska psalmboken. 1986
lokalt verk		Tipiṭaka. Suttapiṭaka. Dīghanikāya
https://libris.kb.se/zw9cbblh2bcwxz6#it		Dödahavsrullarna
https://libris.kb.se/42gkq75n2rq2sm9#it		Dödahavsrullarna
https://libris.kb.se/c9pszgcw4ntg6wk#it		Dödahavsrullarna. Tempelrullen
lokalt verk		Dödahavsrullarna. Urval
https://libris.kb.se/vs687fxd0lwm6wq#it		Dödsboken
https://libris.kb.se/jgvz66823qbjwdv#it		Evangelisk-kristelig Psalmebog til Brug ved Kirke- og Huus-Andagt
lokalt verk		Bibeln. Moseboken 1 
lokalt verk		Grihyasutras
https://libris.kb.se/dbqtx51x1kr2nzr#it		Göteborgspsalmboken 1650
lokalt verk		Haggadah
lokalt verk		Haggadah
lokalt verk		Haggadah
lokalt verk		Haggadah
lokalt verk		Haggadah
lokalt verk		Haggadah
lokalt verk		Haggadah
lokalt verk		Haggadah
lokalt verk		Haggadah
https://libris.kb.se/zw9dhh5h0n9l718#it		Henoksboken 1
https://libris.kb.se/wt7bh4gf3rs0h73#it		Ìslensk hómilíubók
lokalt verk		Jaina Āgama                                                  
https://libris.kb.se/1zcgmklk049sw7f#it		Jaina Āgama. Aṅga. Ācārāṅga
https://libris.kb.se/khw053830kw7j32#it		Jaina Āgama. Aṅga. Jñātādharmakathāḥ
https://libris.kb.se/64jmsqtq079pxt0#it		Jaina Āgama. Aṅga. Samavāyāṅga
https://libris.kb.se/sq47dbfb5t1svr1#it		Jaina Āgama. Aṅga. Sthānāṅga
https://libris.kb.se/sq47dbdb43lm667#it		Jaina Āgama. Aṅga. Sūtrakṛtāṅga
https://libris.kb.se/0xbfljnj1g0fvp7#it		Jaina Āgama. Aṅga. Vyākhyāprajñapti
https://libris.kb.se/ljx164d43l7f71f#it		Jaina Āgama. Chedasūtra. Bṛhatkalpasūtra
https://libris.kb.se/fcrv1z9z45k4kqw#it		Jaina Āgama. Chedasūtra. Mahānisīha
https://libris.kb.se/khw053c301tgdbj#it		Jaina Āgama. Chedasūtra. Niśītha
https://libris.kb.se/mkz275j53s3vkrm#it		Jaina Āgama. Mūlasūtra. Āvaśyaka
https://libris.kb.se/nl0386k61cl9k0r#it		Jaina Āgama. Mūlasūtra. Daśavaikālika
https://libris.kb.se/sq47dbpb3jl15jp#it		Jaina Āgama. Nāndīsūtra
https://libris.kb.se/75kntr0r1rrz8l7#it		Jaina Āgama. Prakīrṇa
https://libris.kb.se/sq47dbjb10khglq#it		Jaina Āgama. Upāṅga. Candraprajñapti
https://libris.kb.se/rp36c9h91qtfs59#it		Jaina Āgama. Upāṅga. Jambūdvīpaprajñapti
https://libris.kb.se/qn25b8g81c3dmlt#it		Jaina Āgama. Upāṅga. Prajñāpanā
https://libris.kb.se/hftx31711hrhhpc#it		Jaina Āgama. Upāṅga. Uvavāiya
lokalt verk		Jaina Āgama.
https://libris.kb.se/31fhhwzm4rv5hhg#it		Jakobs protevangelium
https://libris.kb.se/dbqsrzgx12lm42g#it		Jātaka
https://libris.kb.se/64jmqw3q2829x3q#it		Jaufre
lokalt verk		Bibeln. Apokryferna. Jesus Syraks vishet
https://libris.kb.se/sq4699lb1t2pr9q#it		Johannesakterna
https://libris.kb.se/fcrvz4pz5nw97mt#it		Johannesapokryfen
https://libris.kb.se/zw9cfndh1gqt5mt#it		Josippon
https://libris.kb.se/fcrts0hz20w8sg0#it		Kalivilâsa tantra
lokalt verk		Kanjur                                 
lokalt verk		Kanjur                                 
lokalt verk		Kanjur. Urval             
lokalt verk		Brahmanas. Kauṣītakibrāhmaṇa
https://libris.kb.se/jgvxw3m24xd0nqt#it		Tipiṭaka. Suttapiṭaka. Khuddakanikāya
https://libris.kb.se/sq468wgb0d38fn8#it		Koranen
lokalt verk		Koranen
lokalt verk		Koranen
lokalt verk		Koranen
lokalt verk		Koranen
https://libris.kb.se/mkz106q51n3dz9d#it		Tantras. Kulacūḍāmaṇitantra
lokalt verk		Lāṭyāyana śrautasūtra
https://libris.kb.se/20dhnd7l0p7c1vl#it		Mahābhārata
lokalt verk		Mahāvyutpatti
lokalt verk		Maḥzor
lokalt verk		Maḥzor
lokalt verk		Maḥzor. Yom Kippur.
lokalt verk		Maḥzor. Rosh ha-Shanah
lokalt verk		Maḥzor. Sukkot
lokalt verk		Maḥzor
lokalt verk		Maḥzor
lokalt verk		Maḥzor
lokalt verk		Tipiṭaka. Suttapiṭaka. Majjhimanikāya
https://libris.kb.se/75kmlsbr3d08wwm#it		Mānavadharmaśāstra
https://libris.kb.se/vs687fzd5t82zzn#it	https://id.kb.se/language/heb	Mekhilta of Rabbi Ishmael
https://libris.kb.se/vs687fzd5t82zzn#it	https://id.kb.se/language/eng	Mekhilta of Rabbi Ishmael
https://libris.kb.se/tr576dxc29lhk88#it	https://id.kb.se/language/eng	Mekhilta of Rabbi Ishmael
https://libris.kb.se/sq465cwb0fnk35s#it		Mekhilta of Rabbi Ishmael
lokalt verk		Midrash rabbah
lokalt verk		Midrash rabbah
lokalt verk		Midrash
lokalt verk		Midrash
lokalt verk		Midrash ha-gadol                                             
lokalt verk		Midrash rabbah
https://libris.kb.se/wt798g0f35v265b#it		Midrash rabbah
lokalt verk		Midrash rabbah
lokalt verk		Midrash rabbah
lokalt verk		Midrash Samuel
https://libris.kb.se/qn25b9183lgmtl1#it		Midrash Tanḥuma
lokalt verk		Midrash Tehillim
lokalt verk		Milinthapañha
https://libris.kb.se/53hkjq8p2vtrglt#it		???
https://libris.kb.se/31fhgn6m2f6pxt0#it		Mishnah
https://libris.kb.se/20dgfm5l0n1g4gd#it		Mishnah
lokalt verk		Mishnah. Avot
lokalt verk		Mishnah. Avot
lokalt verk		Mishnah. Berakhot.
lokalt verk		Mishnah. Moʻed
lokalt verk		Mishnah. Nashim
lokalt verk		Mishnah. Zeraʻim.
lokalt verk		Mishnah. Kodashim
lokalt verk		Mishnah. Nezikin.
lokalt verk		Mishnah. Yoma.
https://libris.kb.se/b8nrv8fv35kwvj5#it		Missale Scarense
lokalt verk		Bibeln. Moseboken 1 
lokalt verk		Bibeln. Moseböckerna
https://libris.kb.se/gdsw05m005jrf7z#it		Nag Hammadi-skrifterna (källa NE)
https://libris.kb.se/b8nqpwfv575kq5j#it		Tantras. Netratantra
https://libris.kb.se/c9prqxgw3dmhz6j#it		Tipiṭaka. Suttapiṭaka. Khuddakanikāya. Netti
https://libris.kb.se/97mqvs4t4g7pzl2#it	https://id.kb.se/language/ita	Nikodemosevangeliet
https://libris.kb.se/jgvz31d2349j593#it	https://id.kb.se/language/wel	Nikodemosevangeliet
https://libris.kb.se/64jmvtjq08gfwjr#it		Ny Psalmebog
lokalt verk		Bibeln. Ordspråksboken
https://libris.kb.se/qn2439v81q05lmd#it		Pāñcarātra. Sātvatasaṃhitā
lokalt verk		Pāñcarātra
lokalt verk		Pāñcarātra
lokalt verk		Pāñcarātra
lokalt verk		Pāñcarātra
lokalt verk		Pāñcarātra
https://libris.kb.se/1zcgks0k4qrtrzv#it		Paulusakterna
lokalt verk		Pesikta de-Rav Kahana
lokalt verk		Pesikta de-Rav Kahana
https://libris.kb.se/jgvxw3n23xdqpxd#it		Pesikta rabbati
lokalt verk		Tipiṭaka. Suttapiṭaka. Khuddakanikāya. Netti. Peṭakopadesa
https://libris.kb.se/31fjmgpm1zc2t1v#it		Petrusevangeliet
https://libris.kb.se/pm147dv73ftfkhv#it		Pistis Sofia
lokalt verk		Popol vuh                     
lokalt verk		Popol vuh                     
lokalt verk		Tripiṭaka. Sūtrapiṭaka. Prajñāpāramitā. Adhyardhaśatikā
https://libris.kb.se/ljx0z5q41j5k31w#it		Tantras. Prapañcasāratantra
lokalt verk		Tripiṭaka. Vinayapiṭaka. Mūlasarvāstivādavinaya. Vinayavastu. Pravrajyāvastu
lokalt verk		Bibeln. Profetiska böckerna
lokalt verk		Svenska psalmboken
lokalt verk		Svenska psalmboken
lokalt verk		Svenska psalmboken
lokalt verk		Svenska psalmboken
lokalt verk		Svenska psalmboken. 1695
lokalt verk		Svenska psalmboken. 1695
lokalt verk		Svenska psalmboken. 1819
lokalt verk		Svenska psalmboken. 1819
lokalt verk		Svenska psalmboken. 1819
lokalt verk		Svenska psalmboken. 1819
lokalt verk		Svenska psalmboken. 1819
lokalt verk		Svenska psalmboken. 1819
lokalt verk		Svenska psalmboken. 1819
lokalt verk		Svenska psalmboken. 1819
https://libris.kb.se/1zcgpprk4np2wfg#it		Psalme-Bog eller En Samling af gamle og nye Psalmer
https://libris.kb.se/mkz29805363gd2f#it		Psalmebog til Kirke- og Huus-Andagt
lokalt verk		Bibeln. Psaltaren
lokalt verk		Puranas. Agnipurāṇa
lokalt verk		Puranas. Agnipurāṇa
lokalt verk		Puranas. Bhāgavatapurāṇa
lokalt verk		Puranas. Bhāgavatapurāṇa
lokalt verk		Puranas. Bhāgavatapurāṇa
lokalt verk		Puranas. Bhāgavatapurāṇa
lokalt verk		Puranas. Bhāgavatapurāṇa
lokalt verk		Puranas. Brahmāṇdapurāṇa
lokalt verk		Puranas. Brahmāṇdapurāṇa
lokalt verk		Puranas. Brahmāṇdapurāṇa
lokalt verk		Purāṇas. Garuḍapurāṇa
lokalt verk		Puranas. Kālikāpurāṇa.
lokalt verk		Puranas. Kūrmapurāṇa
lokalt verk		Puranas. Liṅgapurāṇa.
lokalt verk		Puranas. Nāradapurāṇa.
lokalt verk		Puranas. Padmapurāṇa
lokalt verk		Puranas. Padmapurāṇa
lokalt verk		Puranas. Śivapurāṇa.
lokalt verk		Puranas. Skandapurāṇa
lokalt verk		Puranas. Skandapurāṇa
lokalt verk		Puranas. Varāhapurāṇa.
lokalt verk		Puranas. Vāyupurāṇa.
lokalt verk		Puranas. Viṣṇudharmottarapurāṇa
lokalt verk		Bibeln
lokalt verk		Bibeln. Lukasevangeliet
lokalt verk		Bibeln. Nya Testamentet
https://libris.kb.se/pm1491n736h5ndx#it		Rāmāyana
lokalt verk		Rāmāyana
lokalt verk		Rāmāyana
https://libris.kb.se/dbqt1m8x31km8f7#it		Rigveda
lokalt verk		Rigveda
lokalt verk		Rigveda
lokalt verk		Rigveda
lokalt verk		Tantras. Śaktisaṅgamatantra
https://libris.kb.se/nl03bbd63sgzmpz#it		Salmebog for kirke og hjem
lokalt verk		Bibeln. Poetiska böckerna. Urval
https://libris.kb.se/ljx18sz425dhznc#it		Salomos psalmer
lokalt verk		Bibeln. Apokryferna. Salomos vishet
lokalt verk		Sāmaveda
lokalt verk		Sāmaveda
lokalt verk		Tipiṭaka. Suttapiṭaka. Saṃyuttanikāya
lokalt verk		Tipiṭaka. Suttapiṭaka. Saṃyuttanikāya
lokalt verk		Śāṅkhāyanaśrautasūtra
https://libris.kb.se/nl0252z65bj0mzt#it		Sanningens evangelium
https://libris.kb.se/tr58flnc5nrcs3x#it		Sefer ben ha-melekh ṿeha-nazir
https://libris.kb.se/vs687f0d439kq65#it		Sefer Yeẓirah
lokalt verk		Seliḥot
https://libris.kb.se/wt798g1f4jdw367#it		Sifrei
https://libris.kb.se/c9psz18w01j5zkk#it		Stjórn
lokalt verk		Tipiṭaka. Suttapiṭaka. Khuddakanikāya. Suttanipāta
lokalt verk		Tipiṭaka. Suttapiṭaka. Khuddakanikāya. Suttanipāta
lokalt verk		Tipiṭaka. Suttapiṭaka. Urval
https://libris.kb.se/20dgfm6l1vs8pv7#it		Tantras. Svacchandatantra
https://libris.kb.se/97mqzz1t5v943vj#it	https://id.kb.se/language/fin	Svensk psalmbok för den Evangelisk-lutherska kyrkan i Finland
https://libris.kb.se/75knwtqr2pbwsdw#it		Svenska psalmboken. 1695
https://libris.kb.se/64jmvspq01zj4cm#it		Svenska psalmboken. 1819
https://libris.kb.se/1zcgpndk1rw9qlv#it		Svenska psalmboken. 1937
lokalt verk		Svenska psalmboken. 1986
https://libris.kb.se/c9prqr7w54xn5wz#it		Talmud
lokalt verk		Talmud. Urval
lokalt verk		Talmud. Urval
https://libris.kb.se/31fjpz9m194701x#it		Talmud Yerushalmi
https://libris.kb.se/64jms39q022mbc5#it 	https://id.kb.se/language/eng	Talmud Yerushalmi
lokalt verk		Talmud Yerushalmi. Nashim
lokalt verk		Talmud Yerushalmi. Zeraʻim
lokalt verk		Talmud Yerushalmi
lokalt verk		Talmud Yerushalmi
lokalt verk		Talmud Yerushalmi
https://libris.kb.se/mkz27js55pxkcq0#it		Mishnah. Bikkurim
https://libris.kb.se/75knt4zr2225jf3#it		Talmud
https://libris.kb.se/42gkq1vn4f64199#it		Talmud
https://libris.kb.se/tr58frrc1g77v3p#it		Talmud
https://libris.kb.se/zw9dkw3h2q0hfp8#it		Talmud
https://libris.kb.se/97mqw7vt4g118q2#it	https://id.kb.se/language/ger	Talmud
https://libris.kb.se/1zcgmxwk1l6llnj#it	https://id.kb.se/language/eng	Talmud
https://libris.kb.se/zw9dkvph26m433n#it		Talmud
https://libris.kb.se/mkz27jq5411js2l#it		Talmud
https://libris.kb.se/97mqw61t41v3l4d#it		Talmud
https://libris.kb.se/86lpv6ts45213cv#it	https://id.kb.se/language/ger	Talmud
https://libris.kb.se/xv8cjtpg5mm76b4#it		Talmud
https://libris.kb.se/khw05gd30hm4b7x#it	https://id.kb.se/language/eng	Talmud
https://libris.kb.se/wt7bhsnf2gf61vm#it		Talmud
https://libris.kb.se/jgvz4fc227d5408#it	https://id.kb.se/language/eng	Talmud
https://libris.kb.se/1zcgmxrk38ddz70#it		Talmud
https://libris.kb.se/gdsw2ck0543xjbp#it		Talmud
https://libris.kb.se/ljx16hf434dnj29#it	https://id.kb.se/language/eng	Talmud
https://libris.kb.se/pm149lf73gmcwnc#it		Talmud
https://libris.kb.se/zw9dkvth3xmgck2#it	https://id.kb.se/language/eng	Talmud
https://libris.kb.se/khw05g933b30686#it		Talmud
https://libris.kb.se/xv8cjvhg3xwlwn5#it		Talmud Yerushalmi. Bikkurim
https://libris.kb.se/mkz27jr54t2h2mk#it		Talmud. Avodah zarah
https://libris.kb.se/tr58fq0c2s6kxts#it		Talmud. Bava meẓia
https://libris.kb.se/hftx3dp1423jplk#it		Talmud. Bekhorot
https://libris.kb.se/b8nrx7hv5tppgw2#it		Talmud. Bekhorot
https://libris.kb.se/qn25bmw833pnn6k#it		Talmud. Beẓah
https://libris.kb.se/zw9dkvgh2v57hdl#it		Talmud. Gittin
https://libris.kb.se/20dhnzkl01mb3nh#it		Talmud. Ḥagigah
https://libris.kb.se/31fjp0lm2p1p6mc#it		Talmud. Horayot
https://libris.kb.se/64jms3pq5rr0wln#it		Talmud. Ketubbot
https://libris.kb.se/75knt4qr373c2bg#it		Talmud. Makkot
https://libris.kb.se/86lpv5rs0dzcpf7#it		Talmud. Megillah
https://libris.kb.se/xv8cjtfg08588z2#it		Talmud. Minor tractates. 
https://libris.kb.se/zw9dkwjh51bq0lm#it		Talmud. Niddah
https://libris.kb.se/zw9dkwxh077c26n#it		Talmud. Pesaḥim
https://libris.kb.se/xv8cjvwg2vlwkxb#it		Talmud. Sanhedrin
https://libris.kb.se/dbqt09mx44gc200#it		Talmud. Sukkah
https://libris.kb.se/20dhn0ml3s8mcgb#it		Talmud. Yoma
https://libris.kb.se/c9psz8jw34x7m9s#it		Talmud. Zevaḥim
lokalt verk		Talmud. Urval
lokalt verk		Talmud. Urval
lokalt verk		Talmud. Urval
lokalt verk		Talmud. Urval
lokalt verk		Talmud. Urval
lokalt verk		Talmud. Urval
lokalt verk		Talmud. Urval
lokalt verk		Tanna de-vei Eliyahu
https://libris.kb.se/86lnmtds2kvwpc9#it		Tantras. Tantrarājatantra
lokalt verk		Tantras. Ajitatantra.
https://libris.kb.se/42gjmjsn072509r#it		Tipiṭaka
https://libris.kb.se/xv8chfdg0g0rlf0#it		Tipiṭaka. Abhidhammapiṭaka. Dhammasaṅgaṇi
https://libris.kb.se/zw9djgfh28kmxcg#it		Tipiṭaka. Abhidhammapiṭaka. Dhātukathā
https://libris.kb.se/vs69fcbd5ssffcf#it		Tipiṭaka. Abhidhammapiṭaka. Kathāvatthu
https://libris.kb.se/1zcgljhk37kprrq#it		Tipiṭaka. Abhidhammapiṭaka. Paṭṭhāna
https://libris.kb.se/20dhmkjl0nm9j73#it		Tipiṭaka. Abhidhammapiṭaka. Vibhaṅga
https://libris.kb.se/42gkpmln18p6sc2#it		Tipiṭaka. Abhidhammapiṭaka. Yamaka
https://libris.kb.se/53hlqnmp1sl5mvb#it		Tipiṭaka. Suttapiṭaka. Aṅguttaranikāya
https://libris.kb.se/75knsqpr3p6qlqb#it		Tipiṭaka. Suttapiṭaka. Dīghanikāya
https://libris.kb.se/86lptrqs1ft1n9h#it		Tipiṭaka. Suttapiṭaka. Dīghanikāya. Mahāvagga
https://libris.kb.se/97mqvsrt1n16xnw#it		Tipiṭaka. Suttapiṭaka. Dīghanikāya. Pāṭikavagga
https://libris.kb.se/qn259608396lg6j#it		Tipiṭaka. Suttapiṭaka. Dīghanikāya. Sīlakkhandhavagga
https://libris.kb.se/b8nrwtsv4sl9jfw#it		Tipiṭaka. Suttapiṭaka. Khuddakanikāya. Apadāna
https://libris.kb.se/b8nqpwgv3mnggp5#it		Tipiṭaka. Suttapiṭaka. Khuddakanikāya. Dhammapada
https://libris.kb.se/khw042234718z0m#it		Tipiṭaka. Suttapiṭaka. Khuddakanikāya. Jātaka
https://libris.kb.se/75kntr6r2t4p9dr#it		Tipiṭaka. Suttapiṭaka. Khuddakanikāya. Niddesa. Cullaniddesa
https://libris.kb.se/ljx153340vhcj20#it		Tipiṭaka. Suttapiṭaka. Khuddakanikāya. Niddesa. Mahāniddesa
https://libris.kb.se/mkz264451v5lhmd#it		Tipiṭaka. Suttapiṭaka. Khuddakanikāya. Paṭisambhidāmagga
https://libris.kb.se/nl0375564lc0008#it		Tipiṭaka. Suttapiṭaka. Khuddakanikāya. Vimānavatthu
https://libris.kb.se/tr58dbbc4snx1ln#it		Tipiṭaka. Suttapiṭaka. Majjhimanikāya. Majjhimapaṇṇāsa
https://libris.kb.se/vs69fccd1n40lng#it		Tipiṭaka. Suttapiṭaka. Majjhimanikāya. Mūlapaṇṇāsa
https://libris.kb.se/wt7bgddf1fwc2gn#it		Tipiṭaka. Suttapiṭaka. Majjhimanikāya. Uparipaṇṇāsa
https://libris.kb.se/1zcgljjk199xxj1#it		Tipiṭaka. Suttapiṭaka. Saṃyuttanikāya. Mahāvagga
https://libris.kb.se/zw9djggh4xdnn0z#it		Tipiṭaka. Suttapiṭaka. Saṃyuttanikāya. Nidānavagga
https://libris.kb.se/wt7bhftf0wrvnkb#it		Tipiṭaka. Suttapiṭaka. Saṃyuttanikāya. Sagāthavagga
https://libris.kb.se/20dhmkkl3v5ln12#it		Tipiṭaka. Suttapiṭaka. Saṃyuttanikāya. Saḷāyatanavagga
https://libris.kb.se/53hlqnnp4lg3zch#it		Tipiṭaka. Vinayapiṭaka. Khandhaka. Cullavagga
https://libris.kb.se/64jmrppq1v8kbc5#it		Tipiṭaka. Vinayapiṭaka. Khandhaka. Mahāvagga
https://libris.kb.se/97mqvsst4rhtmr6#it		Tipiṭaka. Vinayapiṭaka. Parivāra
https://libris.kb.se/75knsqqr0vkhrh3#it		Tipiṭaka. Vinayapiṭaka. Suttavibhaṅga. Pācittiya
https://libris.kb.se/86lptrrs47mnrmn#it		Tipiṭaka. Vinayapiṭaka. Suttavibhaṅga. Pārājika
lokalt verk		Tipiṭaka
lokalt verk		Tipiṭaka. Suttapiṭaka. Khuddakanikāya. Dhammapada
lokalt verk		Tipiṭaka. Suttapiṭaka. Majjhimanikāya
lokalt verk		Tipiṭaka. Abhidhammapiṭaka. Paṭṭhāna
lokalt verk		Tipiṭaka. Abhidhammapiṭaka. Yamaka
https://libris.kb.se/42gjmw8n0dq6bzx#it		Tosefta
https://libris.kb.se/53hknktp2vfpt35#it		Tripiṭaka
lokalt verk		Tripiṭaka. Sūtrapiṭaka. Saddharmapuṇḍarīkasūtra
lokalt verk		Tripiṭaka. Vinayapiṭaka
lokalt verk		Tripiṭaka. Vinayapiṭaka. Mūlasarvāstivādavinaya. Vinayavastu
lokalt verk		
lokalt verk		Upanishaderna
https://libris.kb.se/b8nrzwpv4m6tcrv#it		Upanishaderna
lokalt verk		Upanishaderna
lokalt verk		Upanishaderna
https://libris.kb.se/ljx0z5r42f10wgg#it		Tantras. Rudrayāmalatantra. Vijñānabhairava
lokalt verk		Tipiṭaka. Vinayapiṭaka
lokalt verk		Puranas. Viṣṇudharmottarapurāṇa
lokalt verk		Yajurveda
lokalt verk		Yajurveda
https://libris.kb.se/pm1328v75j6mj3l#it	https://id.kb.se/language/eng	Yi jing
lokalt verk		testposter
https://libris.kb.se/dbqt0pjx39w99p1#it		Acta Alexandrinorum
lokalt verk		Aisopos fabler
lokalt verk		Aisopos fabler
lokalt verk		Aisopos fabler
https://libris.kb.se/rp354bs90q2sqwl#it		Ahikar
https://libris.kb.se/dbqtznsx3qkf3c4#it		Alexander and Dindimus
https://libris.kb.se/c9psz3jw1s24n3v#it		Alexander Magnus
https://libris.kb.se/nl037w463j2cv7k#it		Alexanders saga
https://libris.kb.se/31fjnc1m3m339m0#it		Alexandreis
https://libris.kb.se/0xbfk85j35pqdjq#it		Alexandrida
https://libris.kb.se/fcrv001z5fc7rmr#it	https://id.kb.se/language/swe	Alfred in India
https://libris.kb.se/b8nqt75v0r47l0c#it		Aliscans
lokalt verk		
https://libris.kb.se/75kmm5kr0pggtp1#it		Amadis de Gaula
https://libris.kb.se/vs687fwd3lctx9t#it		Ami et Amile
https://libris.kb.se/64jlmjnq5pbwfjk#it		Amicus och Amelius
https://libris.kb.se/wt798gxf5dwl93c#it		Ancren riwle
https://libris.kb.se/b8nrx3sv1mq1qqq#it		Liber altercationum contra Iudaeos
https://libris.kb.se/sq465czb5c10m56#it		ʻAntar
lokalt verk		Tusen och en natt. Urval
https://libris.kb.se/vs69hkfd2sjq7qb#it		Ars moriendi
https://libris.kb.se/gdsw2t600gpj3pw#it		Arthour and Merlin
https://libris.kb.se/zw9cbj0h01rzt92#it		Aspremont
lokalt verk		Aucassin et Nicolette                                        
https://libris.kb.se/1zcgmvzk14s913l#it		Auctoritates Aristotelis
https://libris.kb.se/xv8cj9ng07p1q1r#it		Awntyrs of Arthur
https://libris.kb.se/42gjhp5n2gh6z58#it		Banū Hilāl
https://libris.kb.se/rp36ch892t4qdbb#it		Barlaam a Josafat
https://libris.kb.se/ljx16b3404273zk#it		Barlaam et Josaphat
https://libris.kb.se/nl038d565dv8nxh#it		Barlaam e Josaphat
https://libris.kb.se/c9psz4xw40vx5fb#it		Barlaam et Joasaph
https://libris.kb.se/75kntzqr03fnfm8#it		Barlaam y Josaphat
https://libris.kb.se/wt7bhmcf3w50cnq#it		Barlaams saga og Jósafats
https://libris.kb.se/rp36cjb90pcj073#it		Barlaão e Josafá
https://libris.kb.se/20dhm3hl43973gh#it		Batrachomyomachia
lokalt verk		Battle of Maldon                                             
https://libris.kb.se/xv8cjtzg3c1k0cs#it		Beowulf
https://libris.kb.se/31fjqr6m4bg3gq4#it	https://id.kb.se/language/dan	Beowulf
https://libris.kb.se/fcrv23kz4zhwh9v#it	https://id.kb.se/language/ger	Beowulf
https://libris.kb.se/97mqxzft4scppq7#it	https://id.kb.se/language/swe	Beowulf
https://libris.kb.se/64jmtvdq0xl03sf#it	https://id.kb.se/language/eng	Beowulf
https://libris.kb.se/75knsp9r1kw2sm5#it		Bergens kalvskinn
lokalt verk		Bueve de Hanstone
lokalt verk		Blancandin
https://libris.kb.se/xv8ckmhg3cjw2lm#it		Boec van den houte
https://libris.kb.se/42gkr5ln58cx79d#it		Brandans Meerfahrt
lokalt verk		Breviat cronicle
https://libris.kb.se/tr5786gc16hk779#it		Broder Rus
https://libris.kb.se/zw9dkr7h4kx4vj6#it		Bueve de Hanstone
https://libris.kb.se/hftwxv5104p96bk#it		Carsus och Moderus
https://libris.kb.se/gdsw27t0369vgpf#it		Catonis disticha
https://libris.kb.se/c9prv86w1zpwqzr#it		Chanson de Guillaume
https://libris.kb.se/wt7bhk4f1n17vcb#it		Chanson de Roland
https://libris.kb.se/42gkqscn4lc1hpp#it	https://id.kb.se/language/rus	Chanson de Roland
https://libris.kb.se/53hlrtdp4d5137m#it	https://id.kb.se/language/fin	Chanson de Roland
https://libris.kb.se/31fjprbm3vfv1h4#it	https://id.kb.se/language/ita	Chanson de Roland
https://libris.kb.se/1zcgmp8k1sl46zh#it	https://id.kb.se/language/swe	Chanson de Roland
https://libris.kb.se/xv8cjl5g4wt1p8c#it	https://id.kb.se/language/eng	Chanson de Roland
https://libris.kb.se/rp3564f905jdxk1#it		Berättelse om Chariton
https://libris.kb.se/ljx0z5n45d9zt88#it		Chronica Poloniae Maioris
https://libris.kb.se/wt7bhgcf3sf66w1#it		Chronique de Turpin
https://libris.kb.se/mkz106p53kr4db6#it		Poema del Cid
https://libris.kb.se/nl0217q603gxhpq#it		El caballero Cifar
https://libris.kb.se/khw041b3251v3fp#it		Clarus saga
lokalt verk		Codex Calixtinus                                             
lokalt verk		Codex Calixtinus. Liber 5.
https://libris.kb.se/wt79dnzf05bf4jb#it		Codex Suprasliensis
https://libris.kb.se/khwz2s032839lx3#it		Codex Theodosianus
lokalt verk		
lokalt verk		
https://libris.kb.se/tr57bqlc23k7pbw#it		Cycle de Guillaume d'Orange
https://libris.kb.se/86lnpmxs0qp4n4x#it		Dalalagen
https://libris.kb.se/42gjkldn45zl7m3#it		Danielspelet
https://libris.kb.se/tr58fs9c2cj5m43#it		De Homero
https://libris.kb.se/64jmr7lq26l9zl3#it		Demeterhymnen
https://libris.kb.se/qn2439s856gpsxh#it		
https://libris.kb.se/c9psx4xw5qm96hs#it		Didache
https://libris.kb.se/khw059d352h5m54#it		Didrik av Bern 
https://libris.kb.se/nl0231n63d3pchf#it		Didrik av Bern 
https://libris.kb.se/sq465cvb5mf47ns#it		Digenis Akritas
https://libris.kb.se/53hlqzpp4dpf9vg#it		Diognetosbrevet
lokalt verk		Diplomatarium danicum
https://libris.kb.se/qn259jq84csh658#it		Doctor Johan Faust
lokalt verk		Domesday book 
lokalt verk		Domesday book 
https://libris.kb.se/pm1485172sn75lq#it		Dunstanus saga
lokalt verk		Eckenlied 
https://libris.kb.se/zw9cdbnh2b92krb#it		Erikskrönikan
https://libris.kb.se/0xbfkd0j4d5g8vt#it		Èvangiles des quenouilles
lokalt verk		Facetus
lokalt verk		Faits des Romains        
https://libris.kb.se/86lpw2rs2fm7m8f#it		Falarisbreven
https://libris.kb.se/ljx15cq42pn1rc2#it		Faust
https://libris.kb.se/31fhjg3m0l4vbr9#it		Faust 
https://libris.kb.se/khw06m831wt3b8z#it	https://id.kb.se/language/eng	Faust
lokalt verk		Fiore di virtù
https://libris.kb.se/dbqswtlx56rtxt2#it		Floire et Blancheflor
https://libris.kb.se/wt7bhflf153jbwp#it		Floovant
https://libris.kb.se/jgvx1zr20lhx18m#it		Flore und Blancheflur
lokalt verk		Florent et Octavien      
https://libris.kb.se/khwz20s32hsh985#it		Flores and Blancheflour
https://libris.kb.se/pm1342f70gqm1s6#it		Flores och Blanzeflor
https://libris.kb.se/zw9cgd3h4trvckw#it		Flores och Blanzeflor (versroman)
https://libris.kb.se/c9prvskw2mtfk8z#it		Flores og Blanseflor
https://libris.kb.se/1zcfjg6k3485rln#it		Flóres saga og Blankiflúr
https://libris.kb.se/fcrtxndz324pn6z#it		Floriant et Florete
https://libris.kb.se/gdsvzwp05m1fnvr#it		Florio e Biancofiore
https://libris.kb.se/nl0253w60nhrk2q#it		Floris ende Blancefloer
https://libris.kb.se/ljx16dp45g5cbrk#it		Folies Tristan
https://libris.kb.se/42gjkh4n10xfjvd#it		Fortunatus
https://libris.kb.se/khw05s435dm97db#it		Gammelnorsk homiliebok
lokalt verk		
lokalt verk		
lokalt verk		
lokalt verk		Gesta Romanorum
lokalt verk		Gesta Romanorum
https://libris.kb.se/wt7bhfpf0m407gf#it		Gibbons saga
https://libris.kb.se/75knt7zr5s4ngd5#it		Gilgamesh
lokalt verk		
https://libris.kb.se/hftx31c134lpj8c#it		Grágás
https://libris.kb.se/97mpsqdt323znlh#it		Grindborgs sista ord
https://libris.kb.se/53hklj5p23d0wvg#it		Gutalagen
https://libris.kb.se/vs6897wd5jb2090#it		Gutasagan
lokalt verk		
lokalt verk		
lokalt verk		Heidelberger Katechismus
lokalt verk		Hero och Leander
https://libris.kb.se/tr5786lc04vbp6l#it		Hertig Fredrik av Normandie
lokalt verk		Histoire de Guillaume le Maréchal    
https://libris.kb.se/ljx1653406lc6sl#it		Historia Karoli Magni et Rotholandi
https://libris.kb.se/1zcfgd3k04w2382#it		Trojasagan
lokalt verk		Holger Danske
https://libris.kb.se/ljx15r8437gnjwh#it		Hymn till Hermes
https://libris.kb.se/42gjj23n5tgjxcr#it		Homeriska hymnerna
https://libris.kb.se/86lpvfzs0bnkw66#it		Homerocentones
https://libris.kb.se/64jlph7q27q5qxf#it		Huru kan jag vara nöjder
https://libris.kb.se/rp36b3q920139kx#it		Hvenske krønike
https://libris.kb.se/64jlkr8q4rjgh0j#it		
https://libris.kb.se/20dghf4l3gp2m03#it		Hälsingelagen
https://libris.kb.se/86lnmtbs0vl6zqk#it		Igorkvädet
https://libris.kb.se/b8nrwgjv5l38nq6#it		Ilias Byzantina
lokalt verk		Imitatio Christi    
lokalt verk		Imitatio Christi. Urval
https://libris.kb.se/sq47dcfb1kkwmb9#it		Islandske annaler indtil 1578
https://libris.kb.se/hftwzd710s0bp4j#it		Ivan Lejonriddaren
https://libris.kb.se/vs6897md3m4n7b8#it		Ivan Løveridder
https://libris.kb.se/97mqvntt090m5tf#it		Ìvens saga
lokalt verk		Jourdain de Blaive      
lokalt verk		Jyske lov
https://libris.kb.se/31fjnhrm0vzdzwt#it		Kalevala
lokalt verk		Kalevala. Urval
lokalt verk		Kalevipoeg
lokalt verk		Kalevipoeg
lokalt verk		
https://libris.kb.se/zw9djkdh5lrt7g2#it		Kanteletar
lokalt verk		Kanteletar. Urval
https://libris.kb.se/42gkqpln0jgwtz8#it		Karel ende Elegast
https://libris.kb.se/mkz276452wct24d#it		Karl Magnus
https://libris.kb.se/0xbflkgj4whnnsx#it		Karl Magnus´ krønike
https://libris.kb.se/vs69gfbd4thn73h#it		Karlmeinet
lokalt verk		Kebra nagast
https://libris.kb.se/vs69f3bd33rb38h#it		King Alisaunder
https://libris.kb.se/64jlpm7q2n5pm3c#it		King Horn
https://libris.kb.se/31fjpvxm5q7tmqn#it		
https://libris.kb.se/xv8ch5dg2jdmqrd#it		Konung Alexander
https://libris.kb.se/75kntttr0lrc7sh#it		Konungs skuggsjá
https://libris.kb.se/86lpvvvs321ttmb#it	https://id.kb.se/language/dan	Konungs skuggsjá
https://libris.kb.se/97mqwwwt5k8zjz8#it	https://id.kb.se/language/eng	Konungaspegeln
https://libris.kb.se/b8nrxxxv2g3hr4j#it	https://id.kb.se/language/swe	Konungaspegeln
https://libris.kb.se/c9pszzzw0mklv26#it	https://id.kb.se/language/ger	Konungaspegeln
https://libris.kb.se/ljx146j435k9ld5#it		Kronika o Floriovi a Biancefoře
lokalt verk		Kudrun
https://libris.kb.se/42gjmk7n5m6rnjn#it		Kämpen Grindborg
https://libris.kb.se/86lnrbns4n5w1h8#it		Lancelot du Lac
https://libris.kb.se/xv8bf0bg0jxc7ms#it		Lancelot of the Lake
https://libris.kb.se/vs68cx8d5k0kmtk#it		Lanzelot
https://libris.kb.se/pm1499j733fzn1z#it		Laurentius saga biskups
lokalt verk		Lazarillo de Tormes
lokalt verk		Lazarillo de Tormes
lokalt verk		Lazarillo de Tormes
https://libris.kb.se/0xbflcqj586jqsk#it		Liber rubeus Bathoniae
https://libris.kb.se/vs69gl1d0w0ftll#it		Libro de Alexandre
https://libris.kb.se/nl024qm647pjn6m#it		Lochamer-Liederbuch
https://libris.kb.se/pm149nj73tk447j#it		Loci communes (600-talet)
https://libris.kb.se/b8nrx5vv1fc0qg4#it		Lucidarius (dansk version)
https://libris.kb.se/fcrv18zz40dzq0k#it		Lucidarius (tysk version)
lokalt verk		Mabinogion                                                   
https://libris.kb.se/rp36b4h95s0pks3#it		Magnus Erikssons landslag
lokalt verk		Magnus Erikssons landslag. Urval                           
https://libris.kb.se/sq47c5jb3l7g8qq#it		Magnus Erikssons stadslag
https://libris.kb.se/c9prq04w0tcwwsl#it		
https://libris.kb.se/pm135ns75q2fh65#it		Malmö recess (1662)
lokalt verk		
lokalt verk		
lokalt verk		
https://libris.kb.se/1zcgmm4k5pf9jz1#it		Mírmanns saga
https://libris.kb.se/53hlrj3p2db93mm#it		Mort le Roi Artu
https://libris.kb.se/hftx3v81433v5w7#it		Morte Arthur (stans)
https://libris.kb.se/jgvz4w920zxc5qh#it		Morte Arthur (allitteration)
https://libris.kb.se/31fjpp6m0q0z4cq#it		Munkalif
https://libris.kb.se/86lnmtcs09dk8hj#it		
https://libris.kb.se/64jmt7nq07trrfj#it		Navigatio Sancti Brendani
https://libris.kb.se/sq47f5db5593whm#it	https://id.kb.se/language/swe	Navigatio Sancti Brendani
https://libris.kb.se/ljx17m345rc14k8#it	https://id.kb.se/language/eng	Navigatio Sancti Brendani
https://libris.kb.se/rp36dth904mp9w8#it		Nibelungenlied
https://libris.kb.se/75knv9xr27ls0f9#it	https://id.kb.se/language/eng	Nibelungenlied
https://libris.kb.se/97mqxc0t348ldcj#it	https://id.kb.se/language/fre	Nibelungenlied
https://libris.kb.se/zw9dl1nh3bgltbw#it	https://id.kb.se/language/swe	Nibelungenlied
lokalt verk		Nibelungenlied. Urval
https://libris.kb.se/gdsvt1l01l078jd#it		Novgorodskaja Pervaja letopisʹ
https://libris.kb.se/b8nqtnpv53g1qf1#it		Och jungfrun gick till källan
lokalt verk		Palmerín de Oliva
https://libris.kb.se/20dhq9zl5hr65sr#it		Papyrus graecus Holmiensis
https://libris.kb.se/c9psz55w19vlfj3#it		Parthonopeus van Bloys
https://libris.kb.se/b8nrx44v1sc9mn5#it		Partonopeus de Blois
https://libris.kb.se/1zcfjn4k4bv84x5#it		
https://libris.kb.se/sq47c7kb5vbqh1z#it		Pčela
https://libris.kb.se/31fhl42m21knkv9#it		Pearl
lokalt verk		Pèlerinage de Charlemagne                                       
https://libris.kb.se/hftwv2m114w8786#it		Perceforest
https://libris.kb.se/mkz263n54s32w0d#it		Peri tēs tou pantos physeōs
https://libris.kb.se/tr58f7nc5149gkj#it		Perlesvaus
lokalt verk		Physiologus                                                  
lokalt verk		Physiologus                                                  
lokalt verk		Poema de Yúçuf                                               
https://libris.kb.se/tr58fldc25tp81b#it		Povestʹ o Varlaame i Ioasafe
https://libris.kb.se/20dhns3l2178z7r#it		Povestʹ vremennych let
https://libris.kb.se/75kntz8r4x2n44x#it	https://id.kb.se/language/swe	Povestʹ vremennych let
https://libris.kb.se/42gkqv5n1stqmlq#it	https://id.kb.se/language/eng	Povestʹ vremennych let
https://libris.kb.se/31fjpt4m12x05qm#it	https://id.kb.se/language/dan	Povestʹ vremennych let
https://libris.kb.se/53hlrw6p18z8c8x#it	https://id.kb.se/language/fre	Povestʹ vremennych let
https://libris.kb.se/86lpv09s1mrbb7f#it	https://id.kb.se/language/ger	Povestʹ vremennych let
https://libris.kb.se/mkz106r517621qm#it		Purity
https://libris.kb.se/fcrv0hpz12s2fjs#it		Quindecim orationes sanctae Brigittæ de passione Domini
https://libris.kb.se/gdsw1jr01spwc97#it	https://id.kb.se/language/dut	Quindecim orationes sanctae Brigittæ de passione Domini
https://libris.kb.se/hftx2ks118t8727#it	https://id.kb.se/language/dan	Quindecim orationes sanctae Brigittæ de passione Domini
https://libris.kb.se/rp36bt493kmrmk4#it	https://id.kb.se/language/fre	Quindecim orationes sanctae Brigittæ de passione Domini
https://libris.kb.se/fcrvz0pz2x8ncfb#it		Rævebogen
https://libris.kb.se/rp354bw91cmkhw2#it		Reformation Kaiser Siegmunds
https://libris.kb.se/gdsw01r00ph7ppr#it		Reinaert
https://libris.kb.se/53hlpr2p4sd8fl1#it		Reinaert
https://libris.kb.se/dbqtxzhx5d3n6kj#it		Reineke Fuchs
https://libris.kb.se/b8nrxxdv4bqfv67#it		Reinolt von Montelban
lokalt verk		Renart le Contrefait
https://libris.kb.se/hftx33l11b3vd9w#it		Renaut de Montauban
https://libris.kb.se/hftx12s12cvp5wt#it		Reynard the Fox
https://libris.kb.se/khw057t32sf621j#it		Roelantslied
lokalt verk		Chanson de Roland
lokalt verk		Roelantslied
https://libris.kb.se/jgvz3sl236nkhs4#it		Roman d’Alexandre
https://libris.kb.se/jgvz23t25jh2bf7#it		Roman de Renart
https://libris.kb.se/53hlr0sp355nwg9#it		Roman de Troie
https://libris.kb.se/vs69ggzd341pw5q#it		Romans de la Table ronde
https://libris.kb.se/khw05xv30x2qqt0#it		Ruodlieb
https://libris.kb.se/dbqtxznx064f5xq#it		Rävsagan
lokalt verk		Sachsenspiegel                                               
lokalt verk		Salomon und Markolf
lokalt verk		
lokalt verk		Sept sages de Rome
lokalt verk		Shi jing
https://libris.kb.se/gdsw26901l84xmb#it		Sigenot
https://libris.kb.se/b8nqrswv59k84s7#it		Sijažar
https://libris.kb.se/b8nqtphv1tcjzsv#it		Sindbad sjöfararen
https://libris.kb.se/42gkqxdn138sdgv#it		Sir Bevis of Hampton
lokalt verk		Sir Gawain and the Carl of Carlisle                          
https://libris.kb.se/zw9cbj3h111hb1x#it		Sir Gawain and the Green Knight
lokalt verk		Sīrat Sayf ibn Dhī Yazan                                     
lokalt verk		Själens tröst
https://libris.kb.se/0xbdck4j45ldr16#it		Själens tröst
https://libris.kb.se/qn25b00810q29bn#it		Skånelagen
https://libris.kb.se/c9pszqnw588kxcd#it		Speculum humanae salvationis
lokalt verk		Espill de la vida religiosa
https://libris.kb.se/nl038bl624xcqll#it		Strengleikar
https://libris.kb.se/75knt6hr194dqv8#it		Syntagma tēs en Nikaia hagias synodou
https://libris.kb.se/b8nrxl5v1q7fjvd#it		Södermannalagen
https://libris.kb.se/20dhnqfl5f5r2vz#it		Tale mot biskopene
lokalt verk		Tēvāram
https://libris.kb.se/pm149fj751kk8z9#it		Þiðreks saga af Bern
https://libris.kb.se/tr58fknc458hnkr#it	https://id.kb.se/language/ger	Þiðreks saga af Bern
https://libris.kb.se/sq47djmb4g7j599#it	https://id.kb.se/language/nor	Þiðreks saga af Bern
https://libris.kb.se/qn25bgk81pwf1bg#it	https://id.kb.se/language/eng	Þiðreks saga af Bern
https://libris.kb.se/qn259p38005g6r0#it		Till Eulenspiegel
https://libris.kb.se/0xbfk0nj4468w7n#it	https://id.kb.se/language/lat	Till Eulenspiegel
https://libris.kb.se/khw04kh344jdhhn#it	https://id.kb.se/language/fre	Till Eulenspiegel
https://libris.kb.se/mkz26mk5246tc6h#it	https://id.kb.se/language/dut	Till Eulenspiegel
https://libris.kb.se/xv8chxlg24t647x#it	https://id.kb.se/language/eng	Till Eulenspiegel
https://libris.kb.se/khw03dr30xk09r8#it		Très riches heures du duc de Berry
https://libris.kb.se/jgvz4bl24vspqlx#it		Tristan de Léonois
https://libris.kb.se/97mqw39t593pmv7#it		Tristan de Nanteuil
lokalt verk		Tristan
https://libris.kb.se/vs69gnwd1p67r8l#it		Tristram a Izalda
https://libris.kb.se/dbqsrzjx2rsdczl#it		Tristram a Izalda
lokalt verk		Tusen och en natt. Urval
lokalt verk		Tusen och en natt. Urval
lokalt verk		Tusen och en natt. Urval
lokalt verk		Tusen och en natt. Urval
https://libris.kb.se/vs69ft7d4nmrvfk#it		Uglspil
https://libris.kb.se/wt79btxf09x68sx#it		Ulspegel
https://libris.kb.se/sq47d2mb49nj1jj#it		Upplandslagen
lokalt verk		Valentin et Orson
lokalt verk		Valentin et Orson                               
lokalt verk		Valentin et Orson                               
lokalt verk		Vercelli book                                                
https://libris.kb.se/xv8cj60g3sph28l#it		Visby stadslag
https://libris.kb.se/vs69gpdd0dsj3dq#it		Vision de Tondale
https://libris.kb.se/zw9dl0fh4c8wjpd#it		Voyage de saint Brendan
https://libris.kb.se/75knth6r5j3jb3r#it		Västmannalagen
https://libris.kb.se/c9psxmrw15nmdq7#it		Wars of Alexander
lokalt verk		Wen xuan
https://libris.kb.se/nl0217t633q730g#it		Wynnere and Wastoure
https://libris.kb.se/pm149xv7199x2ww#it		Västgötalagarna
https://libris.kb.se/pm1491g71j4vb2h#it		Yogavāsiṣṭha
lokalt verk		Yogavāsiṣṭha. Urval
https://libris.kb.se/qn25bjk841r9gcf#it		Ysaÿe le triste
https://libris.kb.se/xv8bfrzg584nx8h#it		Zohar
lokalt verk		Zohar. Urval
lokalt verk		Zohar. Urval
lokalt verk		Zohar. Urval
https://libris.kb.se/nl038wt61t5qxxm#it		Västgötalagarna
https://libris.kb.se/qn2472f844kmf8h#it		Älvdrottningen
lokalt verk		
lokalt verk		
