uniform	hub title
https://libris.kb.se/wt79cp6f1ch924f#it	European Convention for the Peaceful Settlement of Disputes (1957)
https://libris.kb.se/mkz276452wct24d#it	Karl Magnus
https://libris.kb.se/fcrv0xvz1cwvw25#it	Eyrbyggja saga
https://libris.kb.se/c9prvvmw28c6mxq#it	Bibeln. Habackuk
https://libris.kb.se/b8nrvv0v5s78fkq#it	Den svenska psalmboken
https://libris.kb.se/0xbddxzj09vsjl9#it	Bibeln. Markusevangeliet
https://libris.kb.se/pm1497z713svv1p#it	Hávarðar saga Ísfirðings
https://libris.kb.se/qn25b9c810q3g08#it	Illuga saga Griðarfóstra
https://libris.kb.se/42gkqv6n01bp38v#it	þórðar saga hreðu
https://libris.kb.se/khw059d352h5m54#it	Didrik af Bern
https://libris.kb.se/42gjmw8n0dq6bzx#it	Tosefta
https://libris.kb.se/fcrvz0pz2x8ncfb#it	Rævebogen
https://libris.kb.se/hftx3v81433v5w7#it	Morte Arthur (stans)
https://libris.kb.se/xv8cjtzg3c1k0cs#it	Beowulf
https://libris.kb.se/qn2592b83zknfps#it	Edda Sæmundar
https://libris.kb.se/sq47c4gb5462386#it	Edda Sæmundar
https://libris.kb.se/jgvz31d2349j593#it	Nikodemosevangeliet
https://libris.kb.se/hftwz9f137k1mlc#it	European Convention on Spectator Violence and Misbehaviour at Sports Events and in Particular at Football Matches (1985)
https://libris.kb.se/97mqw0nt14vqw5p#it	Völsunga saga
https://libris.kb.se/mkz264451v5lhmd#it	Tipitaka. Suttapiṭaka. Khuddakanikāya. Paṭisambhidāmagga
https://libris.kb.se/hftx20w14rt5rm5#it	Egils saga Skallagrímssonar
https://libris.kb.se/1zcgmklk049sw7f#it	Jaina Āgama. Aṅga. Ācārāṅga
https://libris.kb.se/1zcgmm4k5pf9jz1#it	Mírmanns saga
https://libris.kb.se/31fhlkjm2sxzkpj#it	Bibeln
https://libris.kb.se/nl0386k61cl9k0r#it	Jaina Āgama. Mūlasūtra. Daśavaikālika
https://libris.kb.se/b8nqs9nv5p1k8dx#it	Athens Convention relating to the Carriage of Passengers and their Luggage by Sea (1974)
https://libris.kb.se/1zcgmxwk1l6llnj#it	Talmud
https://libris.kb.se/53hlrw6p18z8c8x#it	Povestʹ vremennych let
https://libris.kb.se/zw9dhh8h03xf5ld#it	Bibeln. Judasbrevet
https://libris.kb.se/1zcfjg6k3485rln#it	Flóres saga og Blankiflúr
https://libris.kb.se/tr57bbpc222t2t1#it	Bibeln. Galaterbrevet
https://libris.kb.se/64jln0cq39l5hd4#it	Convention on the Unification of Certain Points of Substantive Law on Patents for Invention (1963)
https://libris.kb.se/86lptpfs0f7871x#it	Bibeln
https://libris.kb.se/mkz257653lps58w#it	Bibeln
https://libris.kb.se/c9psz18w01j5zkk#it	Stjórn
https://libris.kb.se/b8nrxv4v1gt3h1h#it	Gísla saga Súrssonar
https://libris.kb.se/42gkqs1n3kxw1kg#it	Sólarljóð
https://libris.kb.se/31fhkx1m04h069j#it	Bibeln. Moseboken 2
https://libris.kb.se/tr576dxc29lhk88#it	Mekhilta of Rabbi Ishmael
https://libris.kb.se/1zcfgd3k04w2382#it	Historia Trojana
https://libris.kb.se/ljx16dp45g5cbrk#it	Folies Tristan
https://libris.kb.se/fcrv11nz1z99x1n#it	Njáls saga
https://libris.kb.se/sq47dbdb43lm667#it	Jaina Āgama. Aṅga. Sūtrakṛtāṅga
https://libris.kb.se/fcrtw7lz0573sw6#it	European Agreement on the Protection of Television Broadcasts (1960)
https://libris.kb.se/b8nrx7hv5tppgw2#it	Talmud. Bekhorot
https://libris.kb.se/75kmm34r3vb7klc#it	Bibeln. Amos
https://libris.kb.se/1zcgljjk199xxj1#it	Tipitaka. Suttapiṭaka. Saṃyuttanikāya. Mahāvagga
https://libris.kb.se/zw9dkmbh3cf5m8j#it	Sörla þáttur
https://libris.kb.se/mkz106r517621qm#it	Purity
https://libris.kb.se/42gkr5ln58cx79d#it	Brandans Meerfahrt
https://libris.kb.se/pm135hh720l2njw#it	European Social Charter (revised) (1996)
https://libris.kb.se/97mqwt3t50gq431#it	Gísla saga Súrssonar
https://libris.kb.se/wt798g0f35v265b#it	Midrash rabbah
https://libris.kb.se/zw9djggh4xdnn0z#it	Tipitaka. Suttapiṭaka. Saṃyuttanikāya. Nidānavagga
https://libris.kb.se/86lptprs09v0p5z#it	Fyrsta málfræðiritgerðin
https://libris.kb.se/khw053830kw7j32#it	Jaina Āgama. Aṅga. Jñātādharmakathāḥ
https://libris.kb.se/86lpw2rs2fm7m8f#it	Falarisbreven
https://libris.kb.se/vs69gfbd4thn73h#it	Karlmeinet
https://libris.kb.se/dbqsrzhx02sc21m#it	Nikolaus saga erkibiskups
https://libris.kb.se/gdsw02704gzcbfg#it	Bibeln. Krönikeboken 2
https://libris.kb.se/c9psz2pw5nzspk6#it	Víglundar saga
https://libris.kb.se/jgvz4cg222w0scd#it	Ólafs saga helga (legendariska sagan)
https://libris.kb.se/42gkqscn4lc1hpp#it	Chanson de Roland
https://libris.kb.se/ljx0z5n45d9zt88#it	Chronica Poloniae Maioris
https://libris.kb.se/qn246jv84j5h3w5#it	European Agreement on the Instruction and Education of Nurses (1967)
https://libris.kb.se/nl038d565dv8nxh#it	Barlaam e Josaphat
https://libris.kb.se/31fhgn4m07pgl5t#it	Talmud. Minor tractates. Avot de-Rabbi Nathan
https://libris.kb.se/0xbfkd0j4d5g8vt#it	Évangiles des quenouilles
https://libris.kb.se/42gkq0hn0hthzc1#it	Klemensbrevet 2
https://libris.kb.se/ljx169c43zvhpwm#it	Vatnsdæla saga
https://libris.kb.se/1zcgmp8k1sl46zh#it	Chanson de Roland
https://libris.kb.se/hftwv2k13k9zb31#it	Bi yan lu
https://libris.kb.se/42gkqpln0jgwtz8#it	Karel ende Elegast
https://libris.kb.se/ljx02dh42xkcl0k#it	European Convention for the Protection of Pet Animals (1987)
https://libris.kb.se/ljx0z5r42f10wgg#it	Tantra. Rudrayāmalatantra. Vijñānabhairava
https://libris.kb.se/42gkqpqn1bwk191#it	Hrólfs saga kraka
https://libris.kb.se/sq47d2mb49nj1jj#it	Upplandslagen
https://libris.kb.se/31fjq8bm23fdj93#it	Lissabonfördraget
https://libris.kb.se/31fhkwdm52f51sh#it	European Convention on the Equivalence of Diplomas leading to Admission to Universities (1953)
https://libris.kb.se/75knsq8r42844ct#it	Bibeln. Nya Testamentet
https://libris.kb.se/xv8cjvhg3xwlwn5#it	Talmud Yerushalmi. Bikkurim
https://libris.kb.se/nl0253w60nhrk2q#it	Floris ende Blancefloer
https://libris.kb.se/ljx15sz42tlszvj#it	Kvinnokonventionen
https://libris.kb.se/64jmqw3q2829x3q#it	Jaufre
https://libris.kb.se/fcrv1znz5s86j11#it	Hárbarðsljóð
https://libris.kb.se/pm149nj73tk447j#it	Loci communes (600-talet)
https://libris.kb.se/pm1491n736h5ndx#it	Ramayana
https://libris.kb.se/qn259jq84csh658#it	Doctor Johan Faust
https://libris.kb.se/vs69hvhd2wwrrtb#it	Memoires d'un voyage fait dans les pays septentrionaux en l'an M.D.C.LXIII.
https://libris.kb.se/64jmsqmq1898627#it	Helga kviða Hundingsbana
https://libris.kb.se/64jmsqfq2gc4cnm#it	Hákonar þáttur Hárekssonar
https://libris.kb.se/vs687fwd3lctx9t#it	Ami et Amile
https://libris.kb.se/hftx3dp1423jplk#it	Talmud. Bekhorot
https://libris.kb.se/zw9dj8dh45f0c2v#it	Bibeln
https://libris.kb.se/hftx2ks118t8727#it	Quindecim orationes sanctae Brigittæ de passione Domini
https://libris.kb.se/khw05g933b30686#it	Talmud (Schottenstein edition)
https://libris.kb.se/zw9cfrqh5hd4437#it	European Interim Agreement on Social Security other than Schemes for Old Age, Invalidity and Survivors (1953)
https://libris.kb.se/hftx31813bngqxp#it	Gautreks saga
https://libris.kb.se/53hlqnnp4lg3zch#it	Tipitaka. Vinayapiṭaka. Khandhaka. Cullavagga
https://libris.kb.se/gdsvx8d05qt4gqk#it	Convention for the Protection of the Architectural Heritage of Europe (1985)
https://libris.kb.se/jgvxw3n23xdqpxd#it	Pesikta rabbati
https://libris.kb.se/rp36bt493kmrmk4#it	Quindecim orationes sanctae Brigittæ de passione Domini
https://libris.kb.se/sq47dcfb1kkwmb9#it	Islandske annaler indtil 1578
https://libris.kb.se/97mqwkst4wtsxpl#it	Lagen om Sveriges riksbank
https://libris.kb.se/53hknl8p2zswfl2#it	Ny beväringsvisa
https://libris.kb.se/qn25b8l85j7zx9k#it	Grettis saga
https://libris.kb.se/rp3587j95hc9s5v#it	Bibeln. Romarbrevet
https://libris.kb.se/xv8bdqpg3hbcbkt#it	European Interim Agreement on Social Security Schemes Relating to Old Age, Invalidity and Survivors (1953)
https://libris.kb.se/dbqtznsx3qkf3c4#it	Alexander and Dindimus
https://libris.kb.se/75kntz8r4x2n44x#it	Povestʹ vremennych let
https://libris.kb.se/fcrtxndz324pn6z#it	Floriant et Florete
https://libris.kb.se/b8nrxxkv4j7k0lr#it	Njáls saga
https://libris.kb.se/jgvxw3m24xd0nqt#it	Tipitaka. Suttapiṭaka. Khuddakanikāya
https://libris.kb.se/97mqw61t41v3l4d#it	Talmud
https://libris.kb.se/tr58cj4c15r33t2#it	Bibeln. Nahum
https://libris.kb.se/nl0370861pg7cxt#it	Edda Sæmundar
https://libris.kb.se/wt798g1f4jdw367#it	Sifrei
https://libris.kb.se/97mqzz1t5v943vj#it	Svensk psalmbok för den Evangelisk-lutherska kyrkan i Finland
https://libris.kb.se/97mpr3gt09qklxw#it	Agreement between the Member States of the Council of Europe on the issue to Military and Civilian War-Disabled of an International Book of Vouchers for the repair of Prosthetic and Orthopaedic Appliances (1962)
https://libris.kb.se/vs69gjnd2mrvs39#it	Ragnarssona þáttur
https://libris.kb.se/fcrtxl3z1wt6rl8#it	Bibeln. Nya Testamentet
https://libris.kb.se/20dhmkkl3v5ln12#it	Tipitaka. Suttapiṭaka. Urval
https://libris.kb.se/khw05dh310fr4mg#it	Ólafs saga helga (äldsta sagan)
https://libris.kb.se/75knt4qr373c2bg#it	Talmud. Makkot
https://libris.kb.se/xv8bdqwg3vrm4vr#it	European Convention on the Control of the Acquisition and Possession of Firearms by Individuals (1978)
https://libris.kb.se/pm1491g71j4vb2h#it	Yogavāsiṣṭha
https://libris.kb.se/xv8bdq7g3q5g02v#it	European Convention on the Equivalence of Periods of University Study (1956)
https://libris.kb.se/xv8ckmhg3cjw2lm#it	Boec van den houte
https://libris.kb.se/khwzx4m32p3cshf#it	Cantares mexicanos
https://libris.kb.se/75knsqpr3p6qlqb#it	Tipitaka. Suttapiṭaka. Dīghanikāya
https://libris.kb.se/mkz27js55pxkcq0#it	Mishnah. Bikkurim
https://libris.kb.se/31fjn68m0r593ns#it	Carskij tituljarnik
https://libris.kb.se/vs69gdxd4hnrxnp#it	Gunnlaugs saga ormstungu
https://libris.kb.se/31fjprbm3vfv1h4#it	Chanson de Roland
https://libris.kb.se/1zcfjn4k4bv84x5#it	Passio SS. Perpetuae et Felicitatis
https://libris.kb.se/wt7bhftf0wrvnkb#it	Tipitaka. Suttapiṭaka. Saṃyuttanikāya. Sagāthavagga
https://libris.kb.se/42gknqvn50wz0w3#it	Bibeln. Kungaboken 2
https://libris.kb.se/qn259p38005g6r0#it	Till Eulenspiegel
https://libris.kb.se/86lptqzs3cp055f#it	Hauksbók
https://libris.kb.se/gdsw1zv03thjzqz#it	Egils saga Skallagrímssonar
https://libris.kb.se/nl0370b612j4lgv#it	Edda Sæmundar
https://libris.kb.se/b8nqpwfv575kq5j#it	Tantra. Netratantra
https://libris.kb.se/wt798g2f2kg2ftj#it	Āśvalāyanagr̥hyasūtra
https://libris.kb.se/64jmsqpq4px0jk3#it	Hrafnkels saga Freysgoða
https://libris.kb.se/86lpss3s3sdkw56#it	Bibeln. Efesierbrevet
https://libris.kb.se/sq47c7kb5vbqh1z#it	Pčela
https://libris.kb.se/20dhm9tl10wqsrg#it	Världsarvskonventionen
https://libris.kb.se/fcrv137z4r67ngd#it	Sigurðar saga þögla
https://libris.kb.se/mkz13fk535f75p0#it	Convention for the Protection of Individuals with Regard to Automatic Processing of Personal Data (1981)
https://libris.kb.se/c9psx4xw5qm96hs#it	Didache
https://libris.kb.se/sq47c5mb315dnn4#it	Kristofers landslag
https://libris.kb.se/1zcfhtsk013bn2k#it	Convention on Contact Concerning Children (2003)
https://libris.kb.se/qn2439v81q05lmd#it	Pāñcarātra. Sātvatasaṃhitā
https://libris.kb.se/c9psw2rw51h11sv#it	Bibeln
https://libris.kb.se/tr579mzc3skpblb#it	European Convention on the Establishment of Companies (1966)
https://libris.kb.se/khwz2s032839lx3#it	Codex Theodosianus
https://libris.kb.se/53hknktp2vfpt35#it	Tripiṭaka
https://libris.kb.se/75knshrr44sjbrf#it	FN:s konvention om rättigheter för personer med funktionsnedsättning
https://libris.kb.se/nl038pm6586nl7d#it	Bibeln. Breven
https://libris.kb.se/khw042234718z0m#it	Tipitaka. Suttapiṭaka. Khuddakanikāya. Jātaka
https://libris.kb.se/42gjkldn45zl7m3#it	Danielspelet
https://libris.kb.se/khw038z30gjz1nx#it	Bibeln. Ordspråksboken
https://libris.kb.se/0xbdgvzj27h519w#it	Augsburgska bekännelsen
https://libris.kb.se/tr58dbbc4snx1ln#it	Tipitaka. Suttapiṭaka. Majjhimanikāya. Majjhimapaṇṇāsa
https://libris.kb.se/20dhnrtl38vgq7r#it	Vatnsdæla saga
https://libris.kb.se/qn259608396lg6j#it	Tipitaka. Suttapiṭaka. Dīghanikāya. Sīlakkhandhavagga
https://libris.kb.se/86lpv6ts45213cv#it	Talmud
https://libris.kb.se/hftx31c134lpj8c#it	Grágás
https://libris.kb.se/sq4698wb4d16vfs#it	Bibeln. Domarboken
https://libris.kb.se/31fjmmxm4fztkx8#it	Bibeln. Profetiska böckerna
https://libris.kb.se/tr579m4c4t10xch#it	European Agreement on Regulations governing the Movement of Persons between Member States of the Council of Europe (1957)
https://libris.kb.se/0xbdgszj1m3z7j3#it	European Convention on the Service Abroad of Documents Relating to Administrative Matters (1977)
https://libris.kb.se/75knrxcr33zf7ml#it	Klassiker (Damm)
https://libris.kb.se/zw9cbj3h111hb1x#it	Sir Gawain and the Green Knight
https://libris.kb.se/pm135ns75q2fh65#it	Malmö recess (1662)
https://libris.kb.se/97mqtw1t3x0m8t4#it	Bibeln. Korinthierbrevet 2
https://libris.kb.se/20dgfm3l2tpr6s1#it	Talmud. Minor tractates. Avot de-Rabbi Nathan
https://libris.kb.se/1zcgmslk45mqfkm#it	Barlaam und Josaphat
https://libris.kb.se/qn25c8h82hwm2br#it	Yi jing
https://libris.kb.se/86lnmt9s2gwwd6h#it	Barnsymfonin
https://libris.kb.se/0xbfmthj3c2x09p#it	Miljöskyddslagen
https://libris.kb.se/42gkqpsn0qhfk6z#it	Jóns saga helga
https://libris.kb.se/vs69j2dd4x2vjm1#it	Bibeln. Nya Testamentet
https://libris.kb.se/97mqvsnt1tn89b5#it	Egils saga Skallagrímssonar
https://libris.kb.se/sq465czb5c10m56#it	ʻAntar
https://libris.kb.se/c9psz3jw1s24n3v#it	Alexander Magnus
https://libris.kb.se/ljx1653406lc6sl#it	Historia Karoli Magni et Rotholandi
https://libris.kb.se/b8nrzwpv4m6tcrv#it	Upanishaderna
https://libris.kb.se/1zcgpprk4np2wfg#it	Psalme-Bog eller En Samling af gamle og nye Psalmer
https://libris.kb.se/86lnrpcs5kd26d5#it	Hilmas visa
https://libris.kb.se/b8nrvj0v49ldxjq#it	Pseudepigrafer (Gamla testamentet)
https://libris.kb.se/nl025mh610w679b#it	Lagtexter för socialtjänsten 2003
https://libris.kb.se/86lpxr2s4lql9z8#it	Norstedts norska fickordbok
https://libris.kb.se/hftx3gk14w6fsr4#it	Gott av choklad
https://libris.kb.se/ljx153340vhcj20#it	Tipitaka. Suttapiṭaka. Khuddakanikāya. Niddesa. Mahāniddesa
https://libris.kb.se/sq4699nb12clchc#it	Bibeln. Hesekiel
https://libris.kb.se/sq47c97b23tm6cg#it	Eiríks saga rauða
https://libris.kb.se/vs68bnwd0h84pnd#it	European Convention on Civil Liability for Damage caused by Motor Vehicles (1973)
https://libris.kb.se/c9psxmrw15nmdq7#it	Wars of Alexander
https://libris.kb.se/fcrtw7bz3vf8986#it	European Convention for the Protection of Vertebrate Animals used for Experimental and other Scientific Purposes (1986)
https://libris.kb.se/jgvx0bg20g1cd1w#it	European Convention on Offences Relating to Cultural Property (1985)
https://libris.kb.se/zw9dkw3h2q0hfp8#it	Talmud. Taʻanit
https://libris.kb.se/ljx16bh40w14wrj#it	Þjalar-Jóns saga
https://libris.kb.se/gdsw27t0369vgpf#it	Catonis disticha
https://libris.kb.se/ljx02ds43r150gp#it	European Convention on Compulsory Insurance against Civil Liability in respect of Motor Vehicles (1959)
https://libris.kb.se/75knth6r5j3jb3r#it	Västmannalagen
https://libris.kb.se/1zcgmxrk38ddz70#it	Talmud
https://libris.kb.se/sq47c8sb5n6815r#it	Ágrip af Noregskonunga sögum
https://libris.kb.se/ljx164d43l7f71f#it	Jaina Āgama. Chedasūtra. Bṛhatkalpasūtra
https://libris.kb.se/jgvx1zr20lhx18m#it	Flore und Blancheflur
https://libris.kb.se/c9prvskw2mtfk8z#it	Flores og Blanseflor
https://libris.kb.se/20dgjvtl3b65pgx#it	Convention on Cybercrime (2001)
https://libris.kb.se/jgvz23t25jh2bf7#it	Roman de Renart
https://libris.kb.se/rp357kk941tnb7l#it	European Social Charter (1961)
https://libris.kb.se/tr58fknc458hnkr#it	Þiðreks saga af Bern
https://libris.kb.se/31fjprwm57kqntf#it	Rómverja saga
https://libris.kb.se/rp358t1954wdlbh#it	Avesta
https://libris.kb.se/nl037w463j2cv7k#it	Alexanders saga
https://libris.kb.se/dbqtxznx064f5xq#it	Rävsagan
https://libris.kb.se/zw9dkr7h4kx4vj6#it	Bueve de Hanstone
https://libris.kb.se/b8nrxl5v1q7fjvd#it	Södermannalagen
https://libris.kb.se/pm135hn7575ks53#it	European Outline Convention on Transfrontier Co-operation Between Territorial Communities or Authorities (106)
https://libris.kb.se/31fjnc1m3m339m0#it	Alexandreis
https://libris.kb.se/hftx33l11b3vd9w#it	Renaut de Montauban
https://libris.kb.se/nl0388865mq8nzx#it	Ketils saga hængs
https://libris.kb.se/53hlpp0p4wlvnmp#it	Bibeln. Poetiska böckerna
https://libris.kb.se/42gkpm4n0271n82#it	Bibeln
https://libris.kb.se/nl03bbd63sgzmpz#it	Salmebog for kirke og hjem
https://libris.kb.se/dbqswk2x0tc9dhx#it	Bibeln. Gamla Testamentet
https://libris.kb.se/jgvz66823qbjwdv#it	Evangelisk-kristelig Psalmebog til Brug ved Kirke- og Huus-Andagt
https://libris.kb.se/86lnq22s5smrrhf#it	European Convention relating to Questions on Copyright Law and Neighbouring Rights in the Framework of Transfrontier Broadcasting by Satellite (1994)
https://libris.kb.se/53hlprvp5vjqd8p#it	Bibeln. Kolosserbrevet
https://libris.kb.se/sq47c5jb3l7g8qq#it	Magnus Erikssons stadslag
https://libris.kb.se/dbqsv6kx2kpjv6l#it	European Agreement on Travel by Young Persons on Collective Passports between the Member Countries of the Council of Europe (1961)
https://libris.kb.se/1zcgmvvk420m6nb#it	Sturlunga saga
https://libris.kb.se/nl038dp63d84jh7#it	Þorsteins þáttur stangarhöggs
https://libris.kb.se/hftwv2m114w8786#it	Perceforest
https://libris.kb.se/wt7bhmsf5mv9tgv#it	Þorleifs þáttur jarlsskálds
https://libris.kb.se/75knt6hr194dqv8#it	Syntagma tēs en Nikaia hagias synodou
https://libris.kb.se/vs69ft7d4nmrvfk#it	Uglspil
https://libris.kb.se/b8nrxtwv1xkcbq8#it	Barnkonventionen
https://libris.kb.se/b8nrx5vv1fc0qg4#it	Lucidarius (dansk version)
https://libris.kb.se/20dhnmql26zlzb8#it	Jómsvikinga saga
https://libris.kb.se/1zcgmptk02q9h88#it	Rémundar saga keisarasonar
https://libris.kb.se/pm135dp70m8rcx4#it	Bibeln
https://libris.kb.se/b8nrwtsv4sl9jfw#it	Tipitaka. Suttapiṭaka. Khuddakanikāya. Apadāna
https://libris.kb.se/mkz106p53kr4db6#it	Poema del Cid
https://libris.kb.se/31fhjg3m0l4vbr9#it	Faust (folkbok)
https://libris.kb.se/20dhnl4l0t33xlr#it	Gunnlaugs saga ormstungu
https://libris.kb.se/20dgfm5l0n1g4gd#it	Mishnah
https://libris.kb.se/31fjpm3m3w51jqc#it	Guðrúnarkviða
https://libris.kb.se/42gkqqgn16hbr7b#it	Ólafs saga Tryggvasonar
https://libris.kb.se/hftx31711hrhhpc#it	Jaina Āgama. Upāṅga. Uvavāiya
https://libris.kb.se/53hlqzpp4dpf9vg#it	Diognetosbrevet
https://libris.kb.se/20dhq9zl5hr65sr#it	Papyrus graecus Holmiensis
https://libris.kb.se/20dhnn5l2dfd1sv#it	Morkinskinna
https://libris.kb.se/pm1484472605ph7#it	Philokalia
https://libris.kb.se/75kmqmjr1vkjp51#it	Bibeln. Jesus Syraks vishet
https://libris.kb.se/42gjlxwn333wvl3#it	European Convention on Certain International Aspects of Bankruptcy (1990)
https://libris.kb.se/hftx12s12cvp5wt#it	Reynard the Fox
https://libris.kb.se/86lnmtds2kvwpc9#it	Tantra. Tantrarājatantra
https://libris.kb.se/c9prvqdw3rsdf5f#it	Bibeln. Moseböckerna
https://libris.kb.se/c9pszqnw588kxcd#it	Speculum humanae salvationis
https://libris.kb.se/64jmsq0q1mf8nr6#it	Gísla saga Súrssonar
https://libris.kb.se/75knttjr4s0vt95#it	Orkneyinga saga
https://libris.kb.se/20dhn13l14rw8kg#it	Pasta & nudlar
https://libris.kb.se/fcrtvw2z0djsqcm#it	Genèvekonventionerna
https://libris.kb.se/pm135hq71rd25c6#it	European Agreement on the Exchange of Tissue-typing Reagents (1974)
https://libris.kb.se/khwz1ch328l7dxr#it	European Convention on the Compensation of Victims of Violent Crimes (1983)
https://libris.kb.se/wt79btxf09x68sx#it	Ulspegel
https://libris.kb.se/mkz257852chg8nf#it	Bibeln. Nya Testamentet
https://libris.kb.se/1zcgmrxk5jmllvh#it	Þorsteins saga hvíta
https://libris.kb.se/31fjnk5m2p806h5#it	Bjarnar saga Hítdælakappa
https://libris.kb.se/dbqt00px1m6wt7k#it	Orkneyinga saga
https://libris.kb.se/hftw00c11gtd98b#it	Bibeln. Evangelierna
https://libris.kb.se/1zcfhtbk1c19ppv#it	European Cultural Convention (1954)
https://libris.kb.se/53hlq93p3mw2qx0#it	Hem till byn (tv-program)
https://libris.kb.se/khwz1cg30nsnhvb#it	European Convention for the Prevention of Torture and Inhuman or Degrading Treatment or Punishment (1987)
https://libris.kb.se/0xbflqwj32rr40f#it	Þorskfirðinga saga
https://libris.kb.se/sq465cwb0fnk35s#it	Mekhilta of Rabbi Ishmael
https://libris.kb.se/0xbdhhsj3t1x965#it	Apokryferna (Nya testamentet)
https://libris.kb.se/xv8cj9ng07p1q1r#it	Awntyrs of Arthur
https://libris.kb.se/ljx02dq44p6fstl#it	European Convention on Information on Foreign Law (1968)
https://libris.kb.se/khwz20s32hsh985#it	Flores and Blancheflour
https://libris.kb.se/pm1342f70gqm1s6#it	Flores och Blanzeflor
https://libris.kb.se/64jmq81q1lx42h5#it	Amsterdamfördraget
https://libris.kb.se/64jms39q022mbc5#it	Talmud Yerushalmi
https://libris.kb.se/31fhhwzm4rv5hhg#it	Jakobs protevangelium
https://libris.kb.se/ljx153n43vl5lrf#it	Bibeln
https://libris.kb.se/fcrts0jz2mfps0h#it	Njáls saga
https://libris.kb.se/64jlph7q27q5qxf#it	Huru kan jag vara nöjder
https://libris.kb.se/42gkpmln18p6sc2#it	Tipitaka. Abhidhammapiṭaka. Yamaka
https://libris.kb.se/b8nrx1pv3xd88vk#it	Völsunga saga
https://libris.kb.se/20dgg01l5ch5rl2#it	Bibeln. Lukasevangeliet
https://libris.kb.se/0xbflltj2qtf3vb#it	Laxdæla saga
https://libris.kb.se/0xbfk85j35pqdjq#it	Alexandrida
https://libris.kb.se/khw04jf35g876n3#it	Adi Granth
https://libris.kb.se/mkz144h51mdz8tk#it	Bibeln. Filemonbrevet
https://libris.kb.se/tr58frrc1g77v3p#it	Talmud
https://libris.kb.se/zw9dkvph26m433n#it	Talmud
https://libris.kb.se/xv8cggrg4b73wrc#it	Bibeln. Joel
https://libris.kb.se/vs69hkfd2sjq7qb#it	Ars moriendi
https://libris.kb.se/khw041k32pv6h7d#it	Arons saga Hjörleifssonar
https://libris.kb.se/20dhnntl2fm5wb7#it	Kormáks saga
https://libris.kb.se/42gjmjsn072509r#it	Tipitaka
https://libris.kb.se/khw057t32sf621j#it	Roelantslied
https://libris.kb.se/pm1485q71f966l0#it	Ásmundar saga kappabana
https://libris.kb.se/tr58fq0c2s6kxts#it	Talmud. Bava meẓia
https://libris.kb.se/fcrts0hz20w8sg0#it	Kalivilâsa tantra
https://libris.kb.se/sq47db2b46nr6d1#it	Heiðarvíga saga
https://libris.kb.se/nl038hl623t621t#it	Ólafs saga hins helga hin mesta
https://libris.kb.se/khw05gd30hm4b7x#it	Talmud
https://libris.kb.se/97mpr33t36mn9bp#it	Convention on Civil Liability for Damage Resulting from Activities Dangerous to the Environment (1993)
https://libris.kb.se/b8nr0qnv14mgt30#it	Amarnabreven
https://libris.kb.se/zw9dkwxh077c26n#it	Talmud. Pesaḥim
https://libris.kb.se/nl024gp61b8xk8g#it	European Convention on the Legal Status of Children Born out of Wedlock (1975)
https://libris.kb.se/zw9dhh5h0n9l718#it	Henoksboken 1
https://libris.kb.se/jgvz5rf22vkk7bb#it	Veda
https://libris.kb.se/gdsw1xs057x2kq5#it	Drauma-Jóns saga
https://libris.kb.se/khw041b3251v3fp#it	Clarus saga
https://libris.kb.se/fcrv23kz4zhwh9v#it	Beowulf
https://libris.kb.se/b8nrx04v264r641#it	Sigurðar saga fóts
https://libris.kb.se/c9psz8jw34x7m9s#it	Talmud. Zevaḥim
https://libris.kb.se/vs68bn5d1ptd8v7#it	European Convention on Extradition (1957)
https://libris.kb.se/97mpqs9t5110v1q#it	FN:s allmänna förklaring om de mänskliga rättigheterna
https://libris.kb.se/0xbdg3zj4smgbwt#it	Medical First Aid Guide for Use in Accidents Involving Dangerous Goods (1973)
https://libris.kb.se/wt7bhfzf43z33lm#it	Gunnlaugs saga ormstungu
https://libris.kb.se/sq47dbfb5t1svr1#it	Jaina Āgama. Aṅga. Sthānāṅga
https://libris.kb.se/zw9dkvth3xmgck2#it	Talmud
https://libris.kb.se/c9prqr7w54xn5wz#it	Talmud
https://libris.kb.se/jgvz4w920zxc5qh#it	Morte Arthur (allitteration)
https://libris.kb.se/0xbflcqj586jqsk#it	Liber rubeus Bathoniae
https://libris.kb.se/jgvz23g22n2hq11#it	Bibeln
https://libris.kb.se/c9prv86w1zpwqzr#it	Chanson de Guillaume
https://libris.kb.se/sq47dbpb3jl15jp#it	Jaina Āgama. Nandisūtra
https://libris.kb.se/qn2439s856gpsxh#it	Dhū al-Himmah
https://libris.kb.se/sq47dgqb40dk0nb#it	Sturlaugs saga starfsama
https://libris.kb.se/gdsvx8804m6cb9v#it	European Convention on Nationality (1997)
https://libris.kb.se/wt79cpvf184lw6s#it	European Convention for the Protection of Animals for Slaughter (1979)
https://libris.kb.se/khwz1cr31dpbr8q#it	European Convention on Mutual Assistance in Criminal Matters (1959)
https://libris.kb.se/b8nrx3sv1mq1qqq#it	Anonymi Contra Iudaeos
https://libris.kb.se/64jlpm7q2n5pm3c#it	King Horn
https://libris.kb.se/vs69ggpd2kpnr19#it	Laxdæla saga
https://libris.kb.se/nl0231n63d3pchf#it	Didrik av Bern
https://libris.kb.se/hftwz9d15hs4t42#it	Convention on Insider Trading (1989)
https://libris.kb.se/64jms3pq5rr0wln#it	Talmud. Ketubbot
https://libris.kb.se/dbqtzqjx0ckbc9s#it	Völuspá
https://libris.kb.se/ljx16hf434dnj29#it	Talmud
https://libris.kb.se/dbqt03vx1xl3pns#it	Yngvars saga viðförla
https://libris.kb.se/c9pszzlw434l857#it	Njáls saga
https://libris.kb.se/gdsvzwp05m1fnvr#it	Florio e Biancofiore
https://libris.kb.se/vs68bnnd1f8zxsz#it	European Agreement Relating to Persons Participating in Proceedings of the European Commission and Court of Human Rights (1969)
https://libris.kb.se/ljx032s42z6hb2n#it	Esra 4
https://libris.kb.se/wt7bffqf0s07xlg#it	Bibeln. Job
https://libris.kb.se/53hlqm7p3xbvg9z#it	Bjarnar saga Hítdælakappa
https://libris.kb.se/42gjhp5n2gh6z58#it	Sīrat Banī Hilāl
https://libris.kb.se/31fhl42m21knkv9#it	Pearl
https://libris.kb.se/vs687fzd5t82zzn#it	Mekhilta of Rabbi Ishmael
https://libris.kb.se/sq47f5db5593whm#it	Navigatio Sancti Brendani
https://libris.kb.se/c9prt55w2bcf0x9#it	European Convention on Cinematographic Co-production (1992)
https://libris.kb.se/rp36c9194xm02nx#it	Hávarðar saga Ísfirðings
https://libris.kb.se/c9pszznw4z2q4xq#it	Orkneyinga saga
https://libris.kb.se/hftwzd710s0bp4j#it	Ivan Lejonriddaren
https://libris.kb.se/31fjmptm2k7b25w#it	Bibeln. Kungaboken 1
https://libris.kb.se/zw9dkhgh1ppvvjw#it	Hrafnkels saga Freysgoða
https://libris.kb.se/wt7bhkpf034vcch#it	Reginsmál
https://libris.kb.se/nl0375564lc0008#it	Tipitaka. Suttapiṭaka. Khuddakanikāya. Vimānavatthu
https://libris.kb.se/nl036cv641fvh3s#it	Filipposevangeliet
https://libris.kb.se/fcrv1z9z45k4kqw#it	Jaina Āgama. Chedasūtra. Mahānisīha
https://libris.kb.se/hftx3681533rd2l#it	Valla-Ljóts saga
https://libris.kb.se/b8nrx44v1sc9mn5#it	Partonopeus de Blois
https://libris.kb.se/mkz263q54511b0w#it	Bósa saga
https://libris.kb.se/b8nrxvqv0ls2vfm#it	Helga kviða Hjörvarðssonar
https://libris.kb.se/75kmlsbr3d08wwm#it	Mānavadharmaśāstra
https://libris.kb.se/hftwz9m14bddjcf#it	European Convention for the Protection of Animals during International Transport (1968)
https://libris.kb.se/86lpvvvs321ttmb#it	Konungs skuggsjá
https://libris.kb.se/sq4696kb24zqvsb#it	Bibeln
https://libris.kb.se/1zcgmmsk5qn29h0#it	Kormáks saga
https://libris.kb.se/sq468lmb29rtm12#it	European Convention on the Protection of the Archaeological Heritage (1969)
https://libris.kb.se/b8nqs44v0f2v299#it	European Charter for Regional or Minority Languages (1992)
https://libris.kb.se/hftx3z6134s4j3k#it	Apophthegmata Patrum
https://libris.kb.se/qn25bmw833pnn6k#it	Talmud. Beẓah
https://libris.kb.se/86lpvz0s44r65mb#it	Trójumanna saga
https://libris.kb.se/86lpv09s1mrbb7f#it	Povestʹ vremennych let
https://libris.kb.se/1zcgpndk1rw9qlv#it	Den svenska psalmboken
https://libris.kb.se/97mqvs4t4g7pzl2#it	Nikodemosevangeliet
https://libris.kb.se/86lnq21s2zfdsjq#it	European Convention for the Protection of the Audiovisual Heritage (2001)
https://libris.kb.se/rp357kw9431dd8p#it	European Convention on the Adoption of Children (1967)
https://libris.kb.se/dbqt09mx44gc200#it	Talmud. Sukkah
https://libris.kb.se/zw9cbblh2bcwxz6#it	Dödahavsrullarna
https://libris.kb.se/0xbdck4j45ldr16#it	Själens tröst
https://libris.kb.se/86lpvfzs0bnkw66#it	Homerocentones
https://libris.kb.se/20dhmj4l01tzdzc#it	Bjarnar saga Hítdælakappa
https://libris.kb.se/qn25b8c80scvdr5#it	Flateyjarbók
https://libris.kb.se/nl0388164hq5kv4#it	Partalópa saga
https://libris.kb.se/20dgjvcl3xlgxgt#it	European Convention on the International Classification of Patents for Invention (1954)
https://libris.kb.se/jgvz46t235tbl3f#it	Svarfdæla saga
https://libris.kb.se/31fjmz1m19hxgvv#it	Möttuls saga
https://libris.kb.se/pm147dv73ftfkhv#it	Pistis Sofia
https://libris.kb.se/pm149xv7199x2ww#it	Yngre Västgötalagen
https://libris.kb.se/tr58flnc5nrcs3x#it	Sefer ben ha-melekh ṿeha-nazir
https://libris.kb.se/64jmqwfq4wprlc8#it	Bibeln. Moseboken 1
https://libris.kb.se/gdsw01r00ph7ppr#it	Reinaert
https://libris.kb.se/nl022kl65541k5n#it	Perspectives on creativity
https://libris.kb.se/0xbdhh9j4xsdxzm#it	Bibeln. Haggai
https://libris.kb.se/c9ps22hw55szp0v#it	Norstedts italienska fickordbok
https://libris.kb.se/1zcgmktk0mwnrqn#it	Gísla saga Súrssonar
https://libris.kb.se/wt7bff6f5fhc16k#it	Bibeln. Josua
https://libris.kb.se/64jlkrcq0nsn9b5#it	Ólafs drápa Tryggvasonar
https://libris.kb.se/rp3588m91rzd908#it	Bibeln. Hebreerbrevet
https://libris.kb.se/20dhnqfl5f5r2vz#it	Tale mot biskopene
https://libris.kb.se/ljx02dm44vkk4p0#it	European Convention on the International Effects of Deprivation of the Right to Drive a Motor Vehicle (1976)
https://libris.kb.se/20dgkkvl1gwmv5n#it	Bibeln
https://libris.kb.se/tr58ccnc4pckdq2#it	Bibeln. Jesaja
https://libris.kb.se/zw9dl1nh3bgltbw#it	Nibelungenlied
https://libris.kb.se/wt79cppf1nv7zj7#it	European Convention on the Exercise of Children's Rights (1996)
https://libris.kb.se/64jmvtjq08gfwjr#it	Ny Psalmebog
https://libris.kb.se/vs69fcbd5ssffcf#it	Tipitaka. Abhidhammapiṭaka. Kathāvatthu
https://libris.kb.se/gdsvx8n03rs1bvd#it	Agreement on the Temporary Importation, free of duty, of Medical, Surgical and Laboratory Equipment for use on free loan in Hospitals and other Medical Institutions for purposes of Diagnosis or Treatment (1960)
https://libris.kb.se/75kntzqr03fnfm8#it	Barlaam y Josaphat
https://libris.kb.se/64jmvspq01zj4cm#it	Den svenska psalmboken
https://libris.kb.se/53hltvcp2k6mjqc#it	Miljöbalken
https://libris.kb.se/b8nrxxxv2g3hr4j#it	Konungs skuggsjá
https://libris.kb.se/xv8bf0bg0jxc7ms#it	Lancelot of the Lake
https://libris.kb.se/31fhk9wm096zwnb#it	Convention on the International Regulations for Preventing Collisions at Sea (1972)
https://libris.kb.se/pm1479b73505d37#it	Bibeln
https://libris.kb.se/xv8cjl5g4wt1p8c#it	Chanson de Roland
https://libris.kb.se/rp354bs90q2sqwl#it	Ahikar
https://libris.kb.se/31fjnhrm0vzdzwt#it	Kalevala
https://libris.kb.se/75kmq1br4bmb146#it	Pyrmidtexterna
https://libris.kb.se/31fjppdm0xhv66d#it	Odds þáttur Ófeigssonar
https://libris.kb.se/ljx165643q97kv4#it	Hrafns saga Sveinbjarnarsonar
https://libris.kb.se/rp36dth904mp9w8#it	Nibelungenlied
https://libris.kb.se/vs68bn0d1d295fv#it	European Convention providing a Uniform Law on Arbitration (1966)
https://libris.kb.se/jgvz4bl24vspqlx#it	Tristan de Léonois
https://libris.kb.se/gdsw26901l84xmb#it	Sigenot
https://libris.kb.se/64jmr7lq26l9zl3#it	Hymn till Demeter
https://libris.kb.se/97mpnvht27zrbtx#it	Psykologexamensuppsats / Lunds universitet. Institutionen för psykologi (1999-)
https://libris.kb.se/42gjmk7n5m6rnjn#it	Kämpen Grindborg
https://libris.kb.se/vs6897wd5jb2090#it	Gutasagan
https://libris.kb.se/zw9cbj0h01rzt92#it	Aspremont
https://libris.kb.se/64jmt7nq07trrfj#it	Navigatio Sancti Brendani
https://libris.kb.se/pm135hj72v7f1rv#it	Convention on the Participation of Foreigners in Public Life at Local Level (1992)
https://libris.kb.se/97mqw08t4rqz697#it	Viktors saga og Blávus
https://libris.kb.se/0xbfljgj2blszj0#it	Hervarar saga og Heiðreks
https://libris.kb.se/ljx03lb45ntp5wl#it	Bibeln. Ester
https://libris.kb.se/sq46994b0h0thsw#it	Bibeln. Historiska böckerna
https://libris.kb.se/gdsw2fj03q0j3qs#it	Choklad
https://libris.kb.se/31fjmr4m4rwsssc#it	Bhagavadgītā
https://libris.kb.se/qn25bjk841r9gcf#it	Ysaïe le triste
https://libris.kb.se/mkz13fj55nq3mgh#it	European Convention on the Recognition of the Legal Personality of International Non-Governmental Organisations (1986)
https://libris.kb.se/mkz13ft54vvh4l3#it	European Agreement concerning Programme Exchanges by means of Television Films (1958)
https://libris.kb.se/tr5790fc406w4n6#it	Barnabasbrevet
https://libris.kb.se/gdsw1zx00706gng#it	Eyrbyggja saga
https://libris.kb.se/mkz13fr549gqzqq#it	European Convention on Consular Functions (1967)
https://libris.kb.se/gdsvx5g0326w65f#it	Bibeln. Nya Testamentet
https://libris.kb.se/khw05s435dm97db#it	Gammelnorsk homiliebok
https://libris.kb.se/nl038wt61t5qxxm#it	Äldre Västgötalagen
https://libris.kb.se/86lpsvzs398zpzs#it	Bibeln. Krönikeböckerna
https://libris.kb.se/tr58f7nc5149gkj#it	Perlesvaus
https://libris.kb.se/wt7bhghf0v3l3cs#it	Hrólfs saga Gautrekssonar
https://libris.kb.se/khw05xv30x2qqt0#it	Ruodlieb
https://libris.kb.se/dbqsv65x341gf89#it	Convention on the Protection of the Environment through Criminal Law (1998)
https://libris.kb.se/zw9djgdh10f4zfz#it	Erex saga
https://libris.kb.se/nl024qm647pjn6m#it	Lochamer-Liederbuch
https://libris.kb.se/nl0374p61nwf20l#it	Aslak Bolts jordebok
https://libris.kb.se/42gjhp6n0rcz5xd#it	Gulaþingslög hin eldri
https://libris.kb.se/zw9dkksh5gzhrdn#it	Laxdæla saga
https://libris.kb.se/mkz13fd54ht4tbl#it	Convention for the Protection of Human Rights and Fundamental Freedoms (1950)
https://libris.kb.se/c9prr9bw26g8g30#it	Nicefördraget
https://libris.kb.se/nl038bl624xcqll#it	Strengleikar
https://libris.kb.se/jgvz4fc227d5408#it	Talmud
https://libris.kb.se/0xbflkgj4whnnsx#it	Karl Magnus´ krønike
https://libris.kb.se/c9psz55w19vlfj3#it	Parthonopeus van Bloys
https://libris.kb.se/xv8bfrzg584nx8h#it	Zohar
https://libris.kb.se/zw9djkdh5lrt7g2#it	Kanteletar
https://libris.kb.se/53hkng6p5rbh7vh#it	Jungfrun hon gångar på högan berg
https://libris.kb.se/75knt4zr2225jf3#it	Talmud
https://libris.kb.se/vs687fxd0lwm6wq#it	Dödsboken
https://libris.kb.se/xv8cj60g3sph28l#it	Visby stadslag
https://libris.kb.se/wt7bh4gf3rs0h73#it	Ìslensk hómilíubók
https://libris.kb.se/53hlrqrp1qmlh6z#it	Hrólfs saga kraka
https://libris.kb.se/31fjp24m1kw1gv6#it	Pajer
https://libris.kb.se/64jlp5cq016lgzt#it	Barn 0-12 år
https://libris.kb.se/c9prqxdw5mj2g5m#it	Bibeln. Höga visan
https://libris.kb.se/86lptrrs47mnrmn#it	Tipitaka. Vinayapiṭaka. Pārājika
https://libris.kb.se/qn25b8f83840cx8#it	Flóamanna saga
https://libris.kb.se/tr58dk4c2hnhm0j#it	The tragical history, admirable atchievments and various events of Guy, Earl of Warwick
https://libris.kb.se/qn25b00810q29bn#it	Skånelagen
https://libris.kb.se/20dhns3l2178z7r#it	Povestʹ vremennych let
https://libris.kb.se/ljx146m43qjjz0m#it	Skrifterna (Ketuvim)
https://libris.kb.se/ljx17m345rc14k8#it	Navigatio Sancti Brendani
https://libris.kb.se/53hlrpdp5kjrxdz#it	Hákonar saga Ìvarssonar
https://libris.kb.se/mkz27jq5411js2l#it	Talmud
https://libris.kb.se/zw9cf21h3hszm96#it	Merchant Ship Search and Rescue Manual (1971)
https://libris.kb.se/vs69gpdd0dsj3dq#it	Vision de Tondale
https://libris.kb.se/86lnmtbs0vl6zqk#it	Igorkvädet
https://libris.kb.se/20dhnlkl164lz0v#it	Hrafnkels saga Freysgoða
https://libris.kb.se/wt79dd7f376bmkc#it	Bibeln. Hosea
https://libris.kb.se/53hlrj3p2db93mm#it	Mort le Roi Artu
https://libris.kb.se/rp36cb7923jtl7b#it	Jónsbók
https://libris.kb.se/tr579mnc0dg3rm4#it	Convention on Laundering, Search, Seizure and Confiscation of the Proceeds from Crime (1990)
https://libris.kb.se/ljx16b3404273zk#it	Barlaam and Josaphat
https://libris.kb.se/31fjmq1m1xgz1jr#it	Bibeln. Psaltaren
https://libris.kb.se/dbqt00mx0s2ds44#it	Njáls saga
https://libris.kb.se/rp36cjb90pcj073#it	Barlaão e Josafá
https://libris.kb.se/42gjj23n5tgjxcr#it	Homeriska hymnerna
https://libris.kb.se/pm1491g71j4vb2h#it	Yogavāsiṣṭha
https://libris.kb.se/gdsvx8c0338whmb#it	European Convention on Transfrontier Television (1989)
https://libris.kb.se/gdsw25v04jbc4w5#it	Völsunga saga
https://libris.kb.se/0xbdhgcj193zk5w#it	Bibeln. Uppenbarelseboken
https://libris.kb.se/ljx02tk42cq4h74#it	Universal Declaration of Human Rights (1948)
https://libris.kb.se/1zcfh51k3mnp80h#it	Agreement on the International Carriage of Perishable Foodstuffs and on the Special Equipment to be used for such Carriage (1970)
https://libris.kb.se/jgvx0bb20wcpczv#it	Convention on the Recognition of Qualifications Concerning Higher Education in the European Region (1997)
https://libris.kb.se/zw9djgfh28kmxcg#it	Tipitaka. Abhidhammapiṭaka. Dhātukathā
https://libris.kb.se/20dhnzkl01mb3nh#it	Talmud. Ḥagigah
https://libris.kb.se/75kntrgr0mtdmcc#it	Hálfdanar saga Eysteinssonar
https://libris.kb.se/vs69ggzd341pw5q#it	Romans de la Table ronde
https://libris.kb.se/vs69dcvd0xcw19z#it	Go ask Alice
https://libris.kb.se/c9ps05sw06dsmtr#it	Vienna (DK eyewitness top 10 travel guides)
https://libris.kb.se/1zcfht5k1qvq02r#it	European Convention on the Punishment of Road Traffic Offences (1964)
https://libris.kb.se/dbqtxzhx5d3n6kj#it	Reineke Fuchs
https://libris.kb.se/b8nrwsdv16ln0hg#it	Bósa saga
https://libris.kb.se/c9prqxrw4c0pl7s#it	Rapport fra skogforskningen
https://libris.kb.se/zw9cgd3h4trvckw#it	Flores och Blanzeflor (versroman)
https://libris.kb.se/86lnmtcs09dk8hj#it	Nasreddin Hoca
https://libris.kb.se/rp36c9h91qtfs59#it	Jaina Āgama. Upāṅga. Jambūdvīpaprajñapti
https://libris.kb.se/qn25b9183lgmtl1#it	Midrash Tanḥuma
https://libris.kb.se/dbqstw9x4b7pkm1#it	Bibeln. Judit
https://libris.kb.se/khw042z31f19pc9#it	Egils saga Skallagrímssonar
https://libris.kb.se/ljx146j435k9ld5#it	Kronika o Floriovi a Biancefoře
https://libris.kb.se/fcrv18zz40dzq0k#it	Lucidarius (tysk version)
https://libris.kb.se/khw04kh344jdhhn#it	Till Eulenspiegel
https://libris.kb.se/31fjpnpm4j0fnj8#it	Hrólfs saga kraka
https://libris.kb.se/53hklj5p23d0wvg#it	Gutalagen
https://libris.kb.se/31fjnfpm4gqcm3r#it	Edda Sæmundar
https://libris.kb.se/jgvz30v207ft505#it	Droplaugarsona saga
https://libris.kb.se/75kmqmmr1pjccd7#it	Bibeln. Psaltaren
https://libris.kb.se/xv8chfdg0g0rlf0#it	Tipitaka. Abhidhammapiṭaka. Dhammasaṅgaṇi
https://libris.kb.se/mkz11fr53td4zzb#it	Rapport - Institutionen för innovationsteknik, Chalmers tekniska högskola
https://libris.kb.se/75kmp1dr59n34tj#it	Convention on the Reduction of Cases of Multiple Nationality and on Military Obligations in Cases of Multiple Nationality (1963)
https://libris.kb.se/xv8cjvwg2vlwkxb#it	Talmud. Sanhedrin
https://libris.kb.se/wt7bgddf1fwc2gn#it	Tipitaka. Suttapiṭaka. Majjhimanikāya. Uparipaṇṇāsa
https://libris.kb.se/mkz14mc52xnblwd#it	Bibeln. Rut
https://libris.kb.se/vs68bnpd36135c2#it	European Code of Social Security (revised) (1990)
https://libris.kb.se/sq47djmb4g7j599#it	Þiðreks saga af Bern
https://libris.kb.se/nl0255j653mvbph#it	Bibeln. Filipperbrevet
https://libris.kb.se/0xbflj7j2pb3hfp#it	Harðar saga
https://libris.kb.se/97mqwwwt5k8zjz8#it	Konungs skuggsjá
https://libris.kb.se/pm149lf73gmcwnc#it	Talmud
https://libris.kb.se/rp36b4h95s0pks3#it	Magnus Erikssons landslag
https://libris.kb.se/zw9dkmrh5g8v8s0#it	Reykdæla saga
https://libris.kb.se/nl0387964n9kf4w#it	Hænsa-Þóris saga
https://libris.kb.se/jgvz4d5228h0j12#it	Bibeln. Paulus-breven
https://libris.kb.se/tr5786gc16hk779#it	Broder Rus
https://libris.kb.se/97mpr32t5n6crv0#it	Convention on Information and Legal Co-operation concerning "Information Society Services" (2001)
https://libris.kb.se/86lpvzms1l0pcmm#it	Völsunga saga
https://libris.kb.se/fcrvz4pz5nw97mt#it	Johannesapokryfen
https://libris.kb.se/1zcgljhk37kprrq#it	Tipitaka. Abhidhammapiṭaka. Paṭṭhāna
https://libris.kb.se/86lpv5rs0dzcpf7#it	Talmud. Megillah
https://libris.kb.se/zw9dj9mh40xrslt#it	Edda Sæmundar
https://libris.kb.se/dbqt1m8x31km8f7#it	Vedas. R̥gveda
https://libris.kb.se/75kntr6r2t4p9dr#it	Tipitaka. Suttapiṭaka. Khuddakanikāya. Niddesa. Cullaniddesa
https://libris.kb.se/75kntttr0lrc7sh#it	Konungs skuggsjá
https://libris.kb.se/sq465fhb4jr1j5t#it	Bevers saga
https://libris.kb.se/wt7bhgcf3sf66w1#it	Chronique de Turpin
https://libris.kb.se/gdsw206016ssff9#it	Fóstbræðra saga
https://libris.kb.se/qn2592r81b4q8ks#it	Bibeln
https://libris.kb.se/gdsw2ck0543xjbp#it	Talmud
https://libris.kb.se/wt7bh40f1j67qtm#it	Östgötalagen
https://libris.kb.se/xv8ch5dg2jdmqrd#it	Konung Alexander
https://libris.kb.se/vs69gggd5dpcwng#it	Knýtlinga saga
https://libris.kb.se/53hlr0sp355nwg9#it	Roman de Troie
https://libris.kb.se/mkz13fn53qr6qwq#it	European Convention for the Protection of Animals kept for Farming Purposes (1976)
https://libris.kb.se/rp354bw91cmkhw2#it	Reformation Kaiser Siegmunds
https://libris.kb.se/sq47djpb2jmkhzq#it	Þorgils saga og Hafliða
https://libris.kb.se/64jmsx9q4hvt2zw#it	Örvar-Odds saga
https://libris.kb.se/75knsqqr0vkhrh3#it	Tipitaka. Vinayapiṭaka. Pācittiya
https://libris.kb.se/mkz275j53s3vkrm#it	Jaina Āgama. Mūlasūtra. Āvaśyaka
https://libris.kb.se/31fhgn6m2f6pxt0#it	Mishnah
https://libris.kb.se/42gjmdrn5jhr523#it	Upanishaderna. Īśopaniṣad
https://libris.kb.se/qn2472f844kmf8h#it	Älvdrottningen
https://libris.kb.se/wt7bhhhf3l504bj#it	Konraðs saga keisarasonar
https://libris.kb.se/31fjmmdm088nbkt#it	Bibeln. Klagovisorna
https://libris.kb.se/53hlqnmp1sl5mvb#it	Tipitaka. Suttapiṭaka. Aṅguttaranikāya
https://libris.kb.se/86lptrqs1ft1n9h#it	Tipitaka. Suttapiṭaka. Dīghanikāya. Mahāvagga
https://libris.kb.se/wt7bhmcf3w50cnq#it	Barlaams saga og Jósafats
https://libris.kb.se/vs6897md3m4n7b8#it	Ivan Løveridder
https://libris.kb.se/20dhrr7l5hcdbj1#it	Norstedts franska fickordbok
https://libris.kb.se/c9pszwtw1b96rsp#it	Hervarar saga og Heiðreks
https://libris.kb.se/c9psz4xw40vx5fb#it	Barlaam et Josaphat
https://libris.kb.se/ljx02dj45st3q28#it	Convention on the Transfer of Sentenced Persons (1983)
https://libris.kb.se/tr58cc4c01z24dp#it	Bibeln. Jona
https://libris.kb.se/20dgfm6l1vs8pv7#it	Tantra. Svacchandatantra
https://libris.kb.se/64jlkr8q4rjgh0j#it	Ogura hyakunin isshu
https://libris.kb.se/97mqxc0t348ldcj#it	Nibelungenlied
https://libris.kb.se/20dhll3l12hmn1j#it	Bibeln. Gamla Testamentet
https://libris.kb.se/ljx18sz425dhznc#it	Salomos psalmer
https://libris.kb.se/53hlrtdp4d5137m#it	Chanson de Roland
https://libris.kb.se/97mqxzft4scppq7#it	Beowulf
https://libris.kb.se/sq4699lb1t2pr9q#it	Johannesakterna
https://libris.kb.se/20dhmdnl44cx2wk#it	Edda Sæmundar
https://libris.kb.se/tr58fs9c2cj5m43#it	De Homero
https://libris.kb.se/53hlrrxp07642jv#it	Krákumál
https://libris.kb.se/nl0217q603gxhpq#it	El caballero Cifar
https://libris.kb.se/20dhmkjl0nm9j73#it	Tipitaka. Abhidhammapiṭaka. Vibhaṅga
https://libris.kb.se/rp36chs9035mgvx#it	Þorvalds þáttur víðförla
https://libris.kb.se/b8nrxxdv4bqfv67#it	Reinolt von Montelban
https://libris.kb.se/ljx146m43qjjz0m#it	Bibeln. Skrifterna (Ketuvim)
https://libris.kb.se/75knt7zr5s4ngd5#it	Gilgamesh
https://libris.kb.se/fcrv117z2s20d29#it	Laxdæla saga
https://libris.kb.se/97mqvsrt1n16xnw#it	Tipitaka. Suttapiṭaka. Dīghanikāya. Pāṭikavagga
https://libris.kb.se/tr579mmc3tsdf1z#it	European Agreement relating to Persons Participating in Proceedings of the European Court of Human Rights (1996)
https://libris.kb.se/zw9cgg9h2b635xd#it	Bibeln. Jakobsbrevet
https://libris.kb.se/20dhnrfl1xrg3z9#it	Völsunga saga
https://libris.kb.se/sq468wgb0d38fn8#it	Koranen
https://libris.kb.se/31fjpt4m12x05qm#it	Povestʹ vremennych let
https://libris.kb.se/fcrvz15z3qpwpww#it	Bibeln. Krönikeboken 1
https://libris.kb.se/nl0386x61mnp3wh#it	Hávarðar saga Ísfirðings
https://libris.kb.se/97mqvntt090m5tf#it	Ívens saga
https://libris.kb.se/qn2476t83jv1j47#it	Bibeln. Esra
https://libris.kb.se/rp36b7393lg5209#it	Egils saga einhenda og Ásmundar berserkjabana
https://libris.kb.se/wt79dnzf05bf4jb#it	Codex Suprasliensis
https://libris.kb.se/31fjppwm1w7psc4#it	Króka-Refs saga
https://libris.kb.se/nl0217t633q730g#it	Wynnere and Wastoure
https://libris.kb.se/rp36c0x9545bwd6#it	Västgötalagen
https://libris.kb.se/20dhns5l1d5ml10#it	Þrymskviða
https://libris.kb.se/ljx02dd44qrl361#it	Convention for the Protection of Human Rights and Dignity of the Human Being with regard to the Application of Biology and Medicine: Convention on Human Rights and Biomedicine (1997)
https://libris.kb.se/20dgfm4l5rr8kcj#it	Grettis saga
https://libris.kb.se/gdsw26h02vgfs8n#it	Þorsteins saga Víkingssonar
https://libris.kb.se/rp3564f905jdxk1#it	Berättelse om Chariton
https://libris.kb.se/tr58ffnc5c8lmkh#it	Laxdæla saga
https://libris.kb.se/97mqw0rt0z6fwd5#it	Yngvars saga viðförla
https://libris.kb.se/c9psz16w410v1nn#it	Skjöldunga saga
https://libris.kb.se/fcrts0gz0dk67r8#it	Bibeln. Petrusbrevet 1
https://libris.kb.se/mkz275m547rwknt#it	Grænlendinga saga
https://libris.kb.se/b8nrx12v22lx60x#it	Vafþrúðnismál
https://libris.kb.se/pm1499j733fzn1z#it	Laurentius saga biskups
https://libris.kb.se/xv8bfwzg2hkhc36#it	Trygg och rättvis välfärd
https://libris.kb.se/ljx15r8437gnjwh#it	Hymn till Hermes
https://libris.kb.se/dbqsrzjx2rsdczl#it	Tusen och en natt
https://libris.kb.se/wt7bhfpf0m407gf#it	Gibbons saga
https://libris.kb.se/pm1497b7446jr0v#it	Finnboga saga ramma
https://libris.kb.se/86lpvvhs0zwml3z#it	Njáls saga
https://libris.kb.se/jgvz47x21003dc9#it	Völundarkviða
https://libris.kb.se/c9prt53w15n37jw#it	Criminal Law Convention on Corruption (1999)
https://libris.kb.se/rp36b3q920139kx#it	Hvenske krønike
https://libris.kb.se/fcrv0hpz12s2fjs#it	Quindecim orationes sanctae Brigittæ de passione Domini
https://libris.kb.se/31fjmgpm1zc2t1v#it	Petrusevangeliet
https://libris.kb.se/31fjpvxm5q7tmqn#it	Kitāb Bilawhar wa-Būdāsf
https://libris.kb.se/mkz276754wht0jl#it	Hrafns saga Sveinbjarnarsonar
https://libris.kb.se/mkz263n54s32w0d#it	Peri tēs tou pantos physeōs
https://libris.kb.se/qn25dh983b9hmhh#it	Sjölagen
https://libris.kb.se/c9prq04w0tcwwsl#it	Magnus liber organi
https://libris.kb.se/hftx314122h7r0h#it	Fagrskinna
https://libris.kb.se/hftwz9p14v7g5bg#it	European Convention on the Academic Recognition of University Qualifications (1959)
https://libris.kb.se/gdsw1jr01spwc97#it	Quindecim orationes sanctae Brigittæ de passione Domini
https://libris.kb.se/mkz29805363gd2f#it	Psalmebog til Kirke- og Huus-Andagt
https://libris.kb.se/86lnpmxs0qp4n4x#it	Dalalagen
https://libris.kb.se/42gkq1vn4f64199#it	Talmud
https://libris.kb.se/42gkq75n2rq2sm9#it	Dödahavsrullarna
https://libris.kb.se/rp3587v95g5l6qp#it	Bibeln. Daniel
https://libris.kb.se/b8nrxxmv3p3xmd4#it	Orkneyinga saga
https://libris.kb.se/75kmp11r282jrmb#it	Framework Convention for the Protection of National Minorities (1995)
https://libris.kb.se/vs69fccd1n40lng#it	Tipitaka. Suttapiṭaka. Majjhimanikāya. Mūlapaṇṇāsa
https://libris.kb.se/wt7bgdcf35dk64f#it	Tipitaka. Abhidhammapiṭaka
https://libris.kb.se/75kmm5kr0pggtp1#it	Amadis de Gaula
https://libris.kb.se/64jmsrnq5qjg72g#it	Karlamagnús saga
https://libris.kb.se/zw9dkwjh51bq0lm#it	Talmud. Niddah
https://libris.kb.se/wt79ddnf3hznw3h#it	Bibeln. Johannesevangeliet
https://libris.kb.se/75knrtxr0d6z69c#it	Bibeln. Korinthierbreven
https://libris.kb.se/khw053c301tgdbj#it	Jaina Āgama. Chedasūtra. Niśītha
https://libris.kb.se/86lnq2fs2rmdjrm#it	Convention on the Liability of Hotel-keepers concerning the Property of their Guests (1962)
https://libris.kb.se/vs68c85d1g3qqhl#it	Tomasevangeliet
https://libris.kb.se/fcrtw79z5b36pfm#it	European Convention on the General Equivalence of Periods of University Study (1990)
https://libris.kb.se/gdsw1sm004tfcnp#it	Völuspá
https://libris.kb.se/1zcgmvzk14s913l#it	Auctoritates Aristotelis
https://libris.kb.se/tr58fldc25tp81b#it	Povestʹ o Varlaame i Ioasafe
https://libris.kb.se/42gjkh4n10xfjvd#it	Fortunatus
https://libris.kb.se/pm1497q70js2dj6#it	Gunnlaugs saga ormstungu
https://libris.kb.se/1zcgmqsk0pr20j0#it	Vatnsdæla saga
https://libris.kb.se/khw03dr30xk09r8#it	Très riches heures du duc de Berry
https://libris.kb.se/fcrv14dz50618wd#it	Víga-Glúms saga
https://libris.kb.se/75kntr1r13jsdfs#it	Gísla saga Súrssonar
https://libris.kb.se/qn25bgk81pwf1bg#it	Þiðreks saga af Bern
https://libris.kb.se/64jmswkq3zcqfv4#it	Völsunga saga
https://libris.kb.se/zw9dkkbh2pzhgj5#it	Páls saga biskups
https://libris.kb.se/31fjp0lm2p1p6mc#it	Talmud. Horayot
https://libris.kb.se/b8nqtnpv53g1qf1#it	Och jungfrun gick till källan
https://libris.kb.se/sq468ltb5p82jwv#it	Agreement on the Transfer of Corpses (1973)
https://libris.kb.se/jgvx0bf22dlp1ld#it	Convention on Mutual Administrative Assistance in Tax Matters (1988)
https://libris.kb.se/sq468llb4s36bkm#it	European Convention on the Suppression of Terrorism (1977)
https://libris.kb.se/b8nqs43v2jzg9k8#it	European Convention on the Legal Protection of Services based on, or consisting of, Conditional Access (2001)
https://libris.kb.se/nl0252z65bj0mzt#it	Sanningens evangelium
https://libris.kb.se/97mqvsdt1f0q7z9#it	Bibeln
https://libris.kb.se/nl0374r610dmvm7#it	Böglunga sögur
https://libris.kb.se/wt7bhfwf1nmvxf3#it	Guðmundar saga biskups
https://libris.kb.se/hftwxv5104p96bk#it	Carsus och Moderus
https://libris.kb.se/31fjrrtm10nmvdh#it	Danske Psalmebog
https://libris.kb.se/fcrtw4dz4xp92kq#it	Bibeln. Gamla Testamentet
https://libris.kb.se/b8nqpwgv3mnggp5#it	Tipitaka. Suttapiṭaka. Khuddakanikāya. Dhammapada
https://libris.kb.se/75knsp9r1kw2sm5#it	Bergens kalvskinn
https://libris.kb.se/vs69f3bd33rb38h#it	King Alisaunder
https://libris.kb.se/1zcgmk3k44vn53x#it	Gunnlaugs saga ormstungu
https://libris.kb.se/0xbfl1rj099wdf2#it	Syriska Baruksapokalypsen
https://libris.kb.se/zw9cfr3h3q7h1t5#it	European Agreement for the Prevention of Broadcasts transmitted from Stations outside National Territories (1965)
https://libris.kb.se/pm149fj751kk8z9#it	Þiðreks saga af Bern
https://libris.kb.se/c9pszzzw0mklv26#it	Konungs skuggsjá
https://libris.kb.se/khw058b315qfwdg#it	Vatnsdæla saga
https://libris.kb.se/vs69gnwd1p67r8l#it	Tristram a Izalda
https://libris.kb.se/64jmsqtq079pxt0#it	Jaina Āgama. Aṅga. Samavāyāṅga
https://libris.kb.se/20dhm3hl43973gh#it	Batrachomyomachia
https://libris.kb.se/75kntq6r1ml00jc#it	Archei topi ke mousia tis Elladhos
https://libris.kb.se/zw9cfndh1gqt5mt#it	Josippon
https://libris.kb.se/97mqw7vt4g118q2#it	Talmud
https://libris.kb.se/wt7bhk4f1n17vcb#it	Chanson de Roland
https://libris.kb.se/20dghf4l3gp2m03#it	Hälsingelagen
https://libris.kb.se/dbqtx51x1kr2nzr#it	Göteborgspsalmboken
https://libris.kb.se/qn246jr853634qt#it	European Convention on the Social Protection of Farmers (1974)
https://libris.kb.se/20dhn0ml3s8mcgb#it	Talmud. Yoma
https://libris.kb.se/53hkjw5p3zbk90g#it	Biblia pauperum
https://libris.kb.se/53hknh4p0fx677f#it	II:dra konstauktion Jean Jahnssons samlingar
https://libris.kb.se/gdsvt1l01l078jd#it	Novgorodskaja pervaja letopisʹ
https://libris.kb.se/b8nqt75v0r47l0c#it	Aliscans
https://libris.kb.se/dbqtzwrx11s89bs#it	Egils saga Skallagrímssonar
https://libris.kb.se/64jmrppq1v8kbc5#it	Tipitaka. Vinayapiṭaka. Mahāvagga
https://libris.kb.se/pm1485172sn75lq#it	Dunstanus saga
https://libris.kb.se/42gkqs2n0xxrnzr#it	Stúfs þáttur
https://libris.kb.se/sq47bbzb4chrnlt#it	Bibeln. Festrullarna (Megillot)
https://libris.kb.se/0xbflknj330vtgr#it	Jarlmanns saga og Hermanns
https://libris.kb.se/dbqt03rx1qlqtvv#it	Völsunga saga
https://libris.kb.se/khw053933z05w73#it	Jaina Āgama. Upāṅga. Rāyapaseṇīya
https://libris.kb.se/0xbdgs9j1qrmzc4#it	European Convention on Establishment (1955)
https://libris.kb.se/jgvz31x21nmq9r3#it	Egils saga Skallagrímssonar
https://libris.kb.se/1zcgks0k4qrtrzv#it	Paulusakterna
https://libris.kb.se/xv8cgm5g0twzngb#it	Bibeln. Mika
https://libris.kb.se/64jmsszq3cr09xx#it	Kristni saga
https://libris.kb.se/1zcgkkbk5dqgr4n#it	Bibeln. De katolska breven
https://libris.kb.se/wt7bjnvf4dzqf1c#it	Sex, sprit & ätstörningar
https://libris.kb.se/khw042133clkldd#it	Eyrbyggja saga
https://libris.kb.se/75knwtqr2pbwsdw#it	Den svenska psalmboken
https://libris.kb.se/rp36ccl926tvr88#it	Ljósvetninga saga
https://libris.kb.se/vs687f0d439kq65#it	Sefer Yeẓirah
https://libris.kb.se/b8nqrswv59k84s7#it	Sijažar
https://libris.kb.se/nl024gs60rt5jhb#it	European Convention on Foreign Money Liabilities (1967)
https://libris.kb.se/53hlrr7p0s59m5g#it	Mágus saga
https://libris.kb.se/sq47fmbb3rsxwq7#it	Course in miracles
https://libris.kb.se/c9prvr3w5kcjxzz#it	Bibeln
https://libris.kb.se/0xbfjj4j567b28f#it	Bibeln. Profeterna (Neviʾim)
https://libris.kb.se/75kntr0r1rrz8l7#it	Jaina Āgama. Prakīrṇa
https://libris.kb.se/42gkqqzn33k50gl#it	Maríu saga
https://libris.kb.se/gdsw05m005jrf7z#it	Nag Hammadi-skrifterna
https://libris.kb.se/97mqwt1t3952bxf#it	Færeyinga saga
https://libris.kb.se/75knv9xr27ls0f9#it	Nibelungenlied
https://libris.kb.se/c9psw2hw39166pw#it	Paulusapokalypsen
https://libris.kb.se/sq468l3b3rzc623#it	European Agreement on the Exchange of Therapeutic Substances of Human origin (1958)
https://libris.kb.se/hftx2z7129jr2dh#it	Landnámabók
https://libris.kb.se/0xbfk0nj4468w7n#it	Till Eulenspiegel
https://libris.kb.se/86lpvvks1shmjlj#it	Orkneyinga saga
https://libris.kb.se/dbqsrzgx12lm42g#it	Tipitaka. Suttapiṭaka. Khuddakanikāya. Jātaka
https://libris.kb.se/c9psz2qw527r895#it	Völsunga saga
https://libris.kb.se/31fjpp6m0q0z4cq#it	Munkalif
https://libris.kb.se/zw9dk33h5llr604#it	IMDG Code (1965)
https://libris.kb.se/31fhkwvm58vtfkj#it	Anti-Doping Convention (1989)
https://libris.kb.se/0xbfljnj1g0fvp7#it	Jaina Āgama. Aṅga. Vyākhyāprajñapti
https://libris.kb.se/tr57b7lc0xd78c2#it	Bibeln
https://libris.kb.se/31fhgzbm0wkznd5#it	Bibeln. Moseboken 5
https://libris.kb.se/zw9dl0fh4c8wjpd#it	Voyage de saint Brendan
https://libris.kb.se/ljx0z5q41j5k31w#it	Tantra. Prapañcasāratantra
https://libris.kb.se/mkz26mk5246tc6h#it	Till Eulenspiegel
https://libris.kb.se/64jmqswq2bvz6qw#it	Bibeln. Kungaböckerna
https://libris.kb.se/tr58fcwc24jnvt9#it	Gunnlaugs saga ormstungu
https://libris.kb.se/wt79cpqf5s216sg#it	European Code of Social Security (1964)
https://libris.kb.se/vs69dk5d3ww623d#it	Bibeln. Nehemja
https://libris.kb.se/c9prt5jw54rbqq3#it	European Agreement on Mutual Assistance in the matter of Special Medical Treatments and Climatic Facilities (1962)
https://libris.kb.se/53hlrp7p37nt2sk#it	Gyðinga saga
https://libris.kb.se/khw041l319ws6k7#it	Árna saga biskups
https://libris.kb.se/wt798gxf5dwl93c#it	Ancren riwle
https://libris.kb.se/53hkjq8p2vtrglt#it	al-Miʻrāj
https://libris.kb.se/20dhnd7l0p7c1vl#it	Mahābhārata
https://libris.kb.se/1zcglc5k3x8wr0x#it	Hávamál
https://libris.kb.se/0xbflj2j4h7dsf6#it	Gunnlaugs saga ormstungu
https://libris.kb.se/khw06m831wt3b8z#it	Faust
https://libris.kb.se/97mqvsst4rhtmr6#it	Tipitaka. Vinayapiṭaka. Parivāra
https://libris.kb.se/sq465cvb5mf47ns#it	Digenis Akritas
https://libris.kb.se/86lnrbns4n5w1h8#it	Lancelot du Lac
https://libris.kb.se/53hlrpnp1xdb0g7#it	Hrafnkels saga Freysgoða
https://libris.kb.se/53hlrtzp4fqcpm4#it	Samsons saga fagra
https://libris.kb.se/64jmtvdq0xl03sf#it	Beowulf
https://libris.kb.se/ljx15cq42pn1rc2#it	Faust
https://libris.kb.se/97mqvmft2j7s6bw#it	Völuspá
https://libris.kb.se/86lnq20s3wsc0xp#it	Convention on the Prevention of Marine Pollution by Dumping of Wastes and Other Matter (1972)
https://libris.kb.se/dbqswtlx56rtxt2#it	Floire et Blancheflor
https://libris.kb.se/86lpszns1htdp7q#it	Njáls saga
https://libris.kb.se/vs69gl1d0w0ftll#it	Libro de Alexandre
https://libris.kb.se/qn25b8g81c3dmlt#it	Jaina Āgama. Upāṅga. Prajñāpanā
https://libris.kb.se/rp36ch892t4qdbb#it	Barlaam a Josafat
https://libris.kb.se/hftx31z155gk490#it	Hemings þáttur Áslákssonar
https://libris.kb.se/mkz27bd550xn0t1#it	Vatnsdæla saga
https://libris.kb.se/xv8chxlg24t647x#it	Till Eulenspiegel
https://libris.kb.se/pm147dx75l98vfz#it	Bibeln. Malaki
https://libris.kb.se/ljx032p43ct2zss#it	Bibeln. Apostlagärningarna
https://libris.kb.se/97mqwtjt5mqf0nn#it	Hálfs saga ok Hálfsrekka
https://libris.kb.se/hftx20z12vcqd5l#it	Eyrbyggja saga
https://libris.kb.se/53hlrpzp53n9c6b#it	Gísla saga Súrssonar
https://libris.kb.se/gdsw20n05pqclfs#it	Hallfreðar saga Vandræðaskálds
https://libris.kb.se/pm1481c720twxx0#it	Edda Sæmundar
https://libris.kb.se/c9prt54w0jx1t8j#it	Civil Law Convention on Corruption (1999)
https://libris.kb.se/xv8cjtfg08588z2#it	Talmud. Minor tractates
https://libris.kb.se/jgvz3sl236nkhs4#it	Roman d’Alexandre
https://libris.kb.se/wt7bhhqf0573g97#it	Laxdæla saga
https://libris.kb.se/42gkqv5n1stqmlq#it	Povestʹ vremennych let
https://libris.kb.se/1zcffz0k2rqzr23#it	Bibeln. Matteusevangeliet
https://libris.kb.se/xv8cjtpg5mm76b4#it	Talmud
https://libris.kb.se/tr5786lc04vbp6l#it	Hertig Fredrik av Normandie
https://libris.kb.se/rp36b3v90wz4t1k#it	Bibeln
https://libris.kb.se/wt7bhsnf2gf61vm#it	Talmud
https://libris.kb.se/53hkmzwp511mlpn#it	International Convention for the Safety of Life at Sea (1974)
https://libris.kb.se/vs69fbwd2bdhwdx#it	Bandamanna saga
https://libris.kb.se/rp36ccc92b06g8c#it	Kjalnesinga saga
https://libris.kb.se/97mqwprt0mlv4h1#it	Bidrag till Sveriges officiella statistik. F, Utrikes handel och sjöfart. I, Utrikes handeln
https://libris.kb.se/64jmrjsq4tx5dkx#it	Edda Sæmundar
https://libris.kb.se/nl024gl60f7vwv0#it	European Agreement on Transfer of Responsibility for Refugees (1980)
https://libris.kb.se/mkz106q51n3dz9d#it	Tantra. Kulacūḍāmaṇitantra
https://libris.kb.se/qn2588183x2cbwz#it	Bibeln. Johannesbreven
https://libris.kb.se/c9pszgcw4ntg6wk#it	Dödahavsrullarna. Tempelrullen
https://libris.kb.se/fcrv0xsz21h59px#it	Egils saga Skallagrímssonar
https://libris.kb.se/zw9dkh1h22r9g4g#it	Gunnlaugs saga ormstungu
https://libris.kb.se/64jlmjnq5pbwfjk#it	Amicus och Amelius
https://libris.kb.se/mkz27jr54t2h2mk#it	Talmud. Avodah zarah
https://libris.kb.se/vs68cx8d5k0kmtk#it	Lanzelot
https://libris.kb.se/wt7bhflf153jbwp#it	Floovant
https://libris.kb.se/86lpvz7s3tfzhv3#it	Veraldar saga
https://libris.kb.se/jgvx0bq21pncjsx#it	European Agreement on the Abolition of Visas for Refugees (1959)
https://libris.kb.se/wt7bfl6f5333rdx#it	Bibeln. Obadja
https://libris.kb.se/75knsqxr44hcbxg#it	Nikodemosevangeliet
https://libris.kb.se/zw9cfrxh53bt2cm#it	European Convention on the Obtaining Abroad of Information and Evidence in Administrative Matters (1978)
https://libris.kb.se/hwljwd0jf72xz2bf#it	Hávamál
https://libris.kb.se/97mpsqdt323znlh#it	Grindborgs sista ord
https://libris.kb.se/97mqw39t593pmv7#it	Tristan de Nanteuil
https://libris.kb.se/gdsw2t600gpj3pw#it	Arthour and Merlin
https://libris.kb.se/jgvz65t24b7l2d3#it	Svensk psalmbok för den Evangelisk-lutherska kyrkan i Finland
https://libris.kb.se/jgvx0bn20v5bltr#it	European Agreement on the Restriction of the Use of certain Detergents in Washing and Cleaning Products (1968)
https://libris.kb.se/pm1361b7352spb1#it	Tidningsläsaren
https://libris.kb.se/zw9dkvgh2v57hdl#it	Talmud. Gittin
https://libris.kb.se/dbqt0pjx39w99p1#it	Acta Alexandrinorum
https://libris.kb.se/nl0386c62dwbg39#it	Fljótsdæla saga
https://libris.kb.se/sq47bbmb49n13wb#it	Bibeln. Jeremia
https://libris.kb.se/c9prqxgw3dmhz6j#it	Tipitaka. Suttapiṭaka. Khuddakanikāya. Netti
https://libris.kb.se/pm1328v75j6mj3l#it	Yi jing
https://libris.kb.se/sq47dbvb0zbwq1c#it	Gunnlaugs saga ormstungu
https://libris.kb.se/0xbdgsrj2pvmz3p#it	European Convention on Social and Medical Assistance (1953)
https://libris.kb.se/b8nqs47v18pvs0w#it	European Monetary Agreement (1955)
https://libris.kb.se/zw9cdbnh2b92krb#it	Erikskrönikan
https://libris.kb.se/khwz1cp31w7mrpk#it	European Convention on the Abolition of Legalisation of Documents executed by Diplomatic Agents or Consular Officers (1968)
https://libris.kb.se/31fjpz9m194701x#it	Talmud Yerushalmi
https://libris.kb.se/sq468lrb40b0bx2#it	European Convention on Recognition and Enforcement of Decisions Concerning Custody of Children and on Restoration of Custody of Children (1980)
https://libris.kb.se/42gkqxdn138sdgv#it	Sir Bevis of Hampton
https://libris.kb.se/rp357ks93wzbvg7#it	European Convention on the Non-Applicability of Statutory Limitation to Crimes against Humanity and War Crimes (1974)
https://libris.kb.se/b8nrwgjv5l38nq6#it	Ilias Byzantina
https://libris.kb.se/fcrv14rz0c2w0mf#it	Vopnfirðinga saga
https://libris.kb.se/tr57bqlc23k7pbw#it	Cycle de Guillaume d'Orange
https://libris.kb.se/0xbdck2j0mbr2q5#it	Friðþjófs saga
https://libris.kb.se/zw9dkjmh0pvwfbf#it	Jarlmanns saga og Hermanns
https://libris.kb.se/b8nqtphv1tcjzsv#it	Sindbad sjöfararen
https://libris.kb.se/fcrv001z5fc7rmr#it	Alfred in India
https://libris.kb.se/rp36c9m933rks0t#it	Grettis saga
https://libris.kb.se/20dhnnfl05jzdwq#it	Ragnars saga loðbrókar
https://libris.kb.se/42gkqnmn0skml0f#it	Hrafnkels saga Freysgoða
https://libris.kb.se/sq469chb5gbffc9#it	Århuskonventionen
https://libris.kb.se/42gkqthn1j5f012#it	Völsunga saga
https://libris.kb.se/b8nrv8fv35kwvj5#it	Missale Scarense
https://libris.kb.se/rp357kl93k76k43#it	European Convention on the Protection of the Archaeological Heritage (revised) (1992)
https://libris.kb.se/wt7bhm1f58g9ts5#it	Apostlaakterna
https://libris.kb.se/86lpsv0s537d5ld#it	Bibeln. Korinthierbrevet 1
https://libris.kb.se/gdsw2gn04rnlmt2#it	Bibeln. Tolvprofetboken
https://libris.kb.se/pm149fq756stdmz#it	Þorsteins Þattur tjaldstæðings
https://libris.kb.se/31fjqr6m4bg3gq4#it	Beowulf
https://libris.kb.se/zw9cfr8h4wcvkcl#it	Agreement on the Exchange of War Cripples between Member Countries of the Council of Europe with a view to Medical Treatment (1955)
https://libris.kb.se/sq47dbjb10khglq#it	Jaina Āgama. Upāṅga. Candraprajñapti
https://libris.kb.se/b8nr0wmv14mrczf#it	Karls þáttur vesæla
