eid;Länk i klartext;Epub;Omslagsbild
zbdtx0h9wlh635z5;https://litteraturbanken.se/författare/JacobssonCF/titlar/HumoristiskaPiller/info;;
z7prx1txwnj3g6bg;https://litteraturbanken.se/författare/BergströmFFT/titlar/ErotiskaDistiker/info;;
z76kkdb5wggd4344;https://litteraturbanken.se/författare/EkKarl/titlar/SverigesHistoria/info;;
x9ns55glv2vlk8w4;https://litteraturbanken.se/författare/SilfverstolpeGM/titlar/Hemland/info;;
x9fb7d8tvsjshgbw;https://litteraturbanken.se/författare/SilfverstolpeGM/titlar/InträdestalSvenskaAkademien/info;;
x74blq2svb9qzr5h;https://litteraturbanken.se/författare/StålhandskeG/titlar/SägnerFrånSjön/info;;
x6d22gdwv7d5xjtd;https://litteraturbanken.se/författare/StrömbergL/titlar/EnkansSon/info;;
x67f95wqvqqg1ch3;https://litteraturbanken.se/författare/AndersonW/titlar/HerrOlof/info;;
x67drkrbv9b16f90;https://litteraturbanken.se/författare/GranathW/titlar/KungKarlDenUngeHjelte/info;;
w8mxcd9ztlf0ddv2;https://litteraturbanken.se/författare/WarburgK/titlar/NärViBörjade/info;;
w56xx4s9tjwvbzg5;https://litteraturbanken.se/författare/KræmerL/titlar/Eterneller/info;;
w56xc89mtmkmg36c;https://litteraturbanken.se/författare/SandbergA/titlar/GotländskaSägner1/info;;
w56wshp5tkd1kp5v;https://litteraturbanken.se/författare/HjelmR/titlar/EttStormigtLif/info;;
w55kngnjtdj3js82;https://litteraturbanken.se/författare/LidholmA/titlar/Hittebarnet/info;;
w55kmjcvt9jx3hs7;https://litteraturbanken.se/författare/LundgrenElam/titlar/PåLedigaStunder/info;;
v7lq5xzssfjtxrpc;https://litteraturbanken.se/författare/DickensC/titlar/DenBesatteOchSpökhandeln/info;;
v45c8z4nsprrfjk4;https://litteraturbanken.se/författare/QvistO/titlar/Eva/info;;
v45c70cxskw8r3k0;https://litteraturbanken.se/författare/DahlM/titlar/BrottOchStraff/info;;
t6kp1xz3rfjhzt84;https://litteraturbanken.se/författare/DickensC/titlar/LofprisÖfverJulen/info;;
t3c9nz45rlh2wgsr;https://litteraturbanken.se/författare/BützowRunquistJG/titlar/EnDamduell/info;;
s68g6mrwq28xbbl7;https://litteraturbanken.se/författare/LilliestiernaAE/titlar/EnÅttiåringsMinnen/info;;
s5jn0m0nq45qhzbr;https://litteraturbanken.se/författare/SilfverstolpeGM/titlar/Dagsljus/info;;
s57nqmfdql3d462k;https://litteraturbanken.se/författare/SilfverstolpeGM/titlar/Arvet/info;;
s2b8m1hnqtnl6w1m;https://litteraturbanken.se/författare/LindhéW/titlar/Efterkraf/info;;
s2597mjkq3203q38;https://litteraturbanken.se/författare/NyholmCA/titlar/EnTjenstflickasÖden/info;;
s22gmz6vq1mn3w1z;https://litteraturbanken.se/författare/Anonym/titlar/SaganOmDeSjuÖdlorna/info;;
r5kckdkrp4wq4295;https://litteraturbanken.se/författare/StrömbergL/titlar/SmåBlommor/info;;
r5263dqlp5t5kc11;https://litteraturbanken.se/författare/SegerstedtTorgny/titlar/IDag/info;;
r14scr8gp6qj9pnm;https://litteraturbanken.se/författare/LindholmPA/titlar/HistoriskaBerättelser5/info;;
r11fl1scpx3t3rkf;https://litteraturbanken.se/författare/WettergrundJ/titlar/SvenWandring/info;;
r11fkfr9pmkt2g2z;https://litteraturbanken.se/författare/ÖdmanP/titlar/FrånVårOchSommardagar1/info;;
q0173xrxnj4lh067;https://litteraturbanken.se/författare/GranathW/titlar/EnFrihetshjälte/info;;
q00dgkjmn3jqmjt3;https://litteraturbanken.se/författare/WaxbergH/titlar/EttFjärdedelsSekel/info;;
q00df25gnv3rjbnk;https://litteraturbanken.se/författare/LefflerAC/titlar/UrLifvet5/info;;
pz062f3dmqb39z88;https://litteraturbanken.se/författare/PersonJ/titlar/ISvenskAmerika/info;;
nxxbg0ptlf64gg8s;https://litteraturbanken.se/författare/BrattEA/titlar/RimOchSpökerier/info;;
n24b2bjqlxw6kmk4;https://litteraturbanken.se/författare/StrömF/titlar/SvenskarnaSinaOrdspråk/info;;
mwzpc111k8rdm8qd;https://litteraturbanken.se/författare/ReuterJ/titlar/SeglandeSkyar/info;;
mwjkz2lxkqmjbpvj;https://litteraturbanken.se/författare/Anonym/titlar/AbbisKirjeSamiManaita/info;;
m0hw2x3fkrdhw23p;https://litteraturbanken.se/författare/HögströmP/titlar/BeskrifningÖfwerDeTil/info;;
lz5rl0msj988zjq7;https://litteraturbanken.se/författare/BoreliusH/titlar/ErikGustafGeijerÅrenFöreAffallet/info;;
lvwzbgkxjl66b92h;https://litteraturbanken.se/författare/GernandtClaineJ/titlar/FataMorgana/info;;
lv42g9kkjcmgx21w;https://litteraturbanken.se/författare/RoosM/titlar/Helgsmålsklockan/info;;
lv42frzmjn7s52vv;https://litteraturbanken.se/författare/SaxonJL/titlar/KrigetUtanSvärdsslag/info;;
kz3r165kh3sjhpmc;https://litteraturbanken.se/författare/Anonym/titlar/Drömboken1910/info;;
kx9fs0s4hw157v8r;https://litteraturbanken.se/författare/SilfverstolpeGM/titlar/MinaBöcker/info;;
ktwrv25hhtxwch2q;https://litteraturbanken.se/författare/LondenL/titlar/Berättelser/info;;
ktt7b2v5h8cfwkml;https://litteraturbanken.se/författare/MöllerAW/titlar/KonstOchKärlek/info;;
jxtt3vkmg82qzdhp;https://litteraturbanken.se/författare/WiknerP/titlar/UndersökningarOmEnhetOchMångfald/info;;
jtjc8vvdg982j14m;https://litteraturbanken.se/författare/UllnerC/titlar/JulklappsRim/info;;
jtbpvkxbgh21wwrv;https://litteraturbanken.se/författare/LaurentiusPaulinusGothus/titlar/PauliniGothiEthicæChristianæ2/info;;
jstk0rb1g637k846;https://litteraturbanken.se/författare/Anonym/titlar/Förmyndaren2/info;;
jstk0md8g8mgc2ss;https://litteraturbanken.se/författare/NordlundJ/titlar/DöbelnOchBjörneborgarne/info;;
jst19rfkg4dlvc3l;https://litteraturbanken.se/författare/ForssmanE/titlar/HemmaPåGretaby/info;;
jss6bdt1gb0mbqvg;https://litteraturbanken.se/författare/PereswetoffMorathF/titlar/Kadettminnen/info;;
jss687f8gfb7kk0z;https://litteraturbanken.se/författare/WigertInèz/titlar/MörkerOchLjus/info;;
hstk7c83f39rr25n;https://litteraturbanken.se/författare/PankninCL/titlar/TitanicsUndergång/info;;
hrr59ltsf29l4bnl;https://litteraturbanken.se/författare/HanssonO/titlar/FruEsterBruce/info;;
gqtzw9jzd292tzjc;https://litteraturbanken.se/författare/Anonym/titlar/GubbarnePåPressyltan/info;;
fpp357g9cd9grgx1;https://litteraturbanken.se/författare/HellborgE/titlar/UtilistiskaSånger/info;;
dr48l0g4b88fntjl;https://litteraturbanken.se/författare/Anonym/titlar/JernBurenJulklappTillNapoleon/info;;
dnpv59bgbf1bgwxj;https://litteraturbanken.se/författare/GranathW/titlar/Återfunnen/info;;
dnn27f3tbvsj5p4l;https://litteraturbanken.se/författare/ÅbergJO/titlar/SvenskarnePåHammershuus/info;;
cmm16klp9p1f34m7;https://litteraturbanken.se/författare/ÅbergJO/titlar/IJungfrusund/info;;
blmcsm5c8cb51416;https://litteraturbanken.se/författare/MickwitzGvon/titlar/EttGiftermål/info;;
blmcshdc8wljc05x;https://litteraturbanken.se/författare/JansonB/titlar/Guldgrufvan/info;;
9n15jc307l62m512;https://litteraturbanken.se/författare/SilfverstolpeGM/titlar/Efteråt/info;;
9kz13th074t6wr3f;https://litteraturbanken.se/författare/PalmkvistN/titlar/Testamentet/info;;
9klbrn3m7nbfpwtv;https://litteraturbanken.se/författare/JacobsonHarald/titlar/UpsalaÄrBäst/info;;
9kkz17k873w6gfhm;https://litteraturbanken.se/författare/BlomL/titlar/QvällOchMorgon/info;;
8jk9qp2q6rt8dsp6;https://litteraturbanken.se/författare/MallingM/titlar/MalinSkytte/info;;
8jk4csf16nmlbjcw;https://litteraturbanken.se/författare/MobergN/titlar/KurtRudnäs/info;;
8jjx30r96ddt2qzx;https://litteraturbanken.se/författare/SandbergA/titlar/GotländskaSägner2/info;;
7hj88n8b5s68cfs4;https://litteraturbanken.se/författare/Anonym/titlar/MargaretaEllerKvinnanAfFolket/info;;
7hhw1qdc59rs2765;https://litteraturbanken.se/författare/HydénN/titlar/KungensBlåGossar/info;;
7hd7jnrv5wbj50xl;https://litteraturbanken.se/författare/SernerG/titlar/IHasardensHuvudstad1915/info;;
6lnvmhlc422thl00;https://litteraturbanken.se/författare/LullinDeChâteauvieuxF/titlar/ManuscriptFrånStHelena/info;;
6gnbcqqm4dflwbr0;https://litteraturbanken.se/författare/PihlstrandR/titlar/MillionärensDotterson1896/info;;
5kmtkc5132g1g4l3;https://litteraturbanken.se/författare/SandbergF/titlar/BilderArkFörSmåskolan/info;;
5fgnjclg3zkvqz1h;https://litteraturbanken.se/författare/Anonym/titlar/AddyEnSvenskJägare/info;;
4jnbn2x822sgk7kg;https://litteraturbanken.se/författare/StjernstolpeJM/titlar/KärlekensOrdbok/info;;
4hcgk4s22pp62ftz;https://litteraturbanken.se/författare/BoreliusH/titlar/FredrikaBremerSomUng/info;;
3hm9kdvp10gb0b3w;https://litteraturbanken.se/författare/FahlgrénCI/titlar/HandbokIBoktryckerikonsten/info;;
3hds2b6214v48l44;https://litteraturbanken.se/författare/HagbergCA/titlar/EttBorgarhusPåKöpmangatan/info;;
3cnjccst16k8nfkr;https://litteraturbanken.se/författare/TorénRW/titlar/SmåsakerUrEnGammalMedikofilaresMinnen/info;;
3cdlw797136phjb5;https://litteraturbanken.se/författare/KerfveA/titlar/CarlXVKvinnornasKung1/info;;
3ccrtlc51nvjnsk2;https://litteraturbanken.se/författare/CarlgrenWM/titlar/Norrland/info;;
2gjqg2xw02h69201;https://litteraturbanken.se/författare/CollijnI/titlar/SvenskTypografiskAtlas/info;;
199prfxqzbgfvs51;https://litteraturbanken.se/författare/BerndtsonF/titlar/ValdaDikter/info;;
089hccr7xxkxgkb8;https://litteraturbanken.se/författare/NordmannP/titlar/BilderOchBladFrånFinlandsSistaÅr/info;;
088nqqckx1n8v4cg;https://litteraturbanken.se/författare/BjörlingF/titlar/SamladeSångerOchVisor/info;;
22699994;https://litteraturbanken.se/författare/ÖdmannJM/titlar/ArthurGrip/info;;
22699160;https://litteraturbanken.se/författare/ÅbergJO/titlar/CarlXIIsSkyddsling/info;;
22699140;https://litteraturbanken.se/författare/ÅbergJO/titlar/ArvidHerner/info;;
22698947;https://litteraturbanken.se/författare/KerfstedtA/titlar/VidVägkanten2/info;;
22698943;https://litteraturbanken.se/författare/NilssonL/titlar/NordiskaTaflor/info;;
22698919;https://litteraturbanken.se/författare/NordensvanG/titlar/Penseldrag/info;;
22698905;https://litteraturbanken.se/författare/NordlingJohan/titlar/RalfFrese/info;;
22698894;https://litteraturbanken.se/författare/NyholmCA/titlar/DoktorWigg/info;;
22698890;https://litteraturbanken.se/författare/PihlstrandR/titlar/SnapphanensBröllop/info;;
22698874;https://litteraturbanken.se/författare/PihlstrandR/titlar/DeFemFrivillige/info;;
22698857;https://litteraturbanken.se/författare/SnoilskyC/titlar/Dikter3/info;;
22698113;https://litteraturbanken.se/författare/LunellL/titlar/BlommanPåLöfsjöfallet/info;;
22698103;https://litteraturbanken.se/författare/LindqvistJ/titlar/HelvetetsTrappor/info;;
22698071;https://litteraturbanken.se/författare/LefflerAC/titlar/UrLifvet3_1/info;;
22698067;https://litteraturbanken.se/författare/LefflerAC/titlar/UrLifvet2/info;;
22695753;https://litteraturbanken.se/författare/StéenhoffF/titlar/SinNästasHustru/info;;
22695751;https://litteraturbanken.se/författare/WickströmVH/titlar/NärJesusKomTillÖstersund/info;;
22683935;https://litteraturbanken.se/författare/ReuterOM/titlar/NyaDikter/info;;
22667687;https://litteraturbanken.se/författare/BlicherClausenJ/titlar/Festskrift/info;;
22667679;https://litteraturbanken.se/författare/QvantenAvon/titlar/EnRomanPåLandsbygden/info;;
22662067;https://litteraturbanken.se/författare/KochR/titlar/Statsministern2/info;;
22661878;https://litteraturbanken.se/författare/OxenstiernaMGL/titlar/EttLejonTillSjös/info;;
22661562;https://litteraturbanken.se/författare/PaulA/titlar/EnBokOmEnMänniska2/info;;
22661561;https://litteraturbanken.se/författare/PaulA/titlar/EnSagaFrånÖdemarken/info;;
22661520;https://litteraturbanken.se/författare/WåhlinCL/titlar/Skoltal/info;;
22661504;https://litteraturbanken.se/författare/WærnérN/titlar/IHöstOchVinterkväll/info;;
22614723;https://litteraturbanken.se/författare/KochR/titlar/Pandemonium/info;;
22570696;https://litteraturbanken.se/författare/BergCO/titlar/Separatorn/info;;
22549437;https://litteraturbanken.se/författare/WestermarckH/titlar/LifvetsSeger/info;;
22549223;https://litteraturbanken.se/författare/ZilliacusKäldre/titlar/ISocieteten/info;;
22545268;https://litteraturbanken.se/författare/WichmannKE/titlar/HvadDenGamle/info;;
22544438;https://litteraturbanken.se/författare/SchéeleG/titlar/JohnGroggsMinnen/info;;
22528961;https://litteraturbanken.se/författare/RundgrenJH/titlar/EnFadermördares/info;;
22525338;https://litteraturbanken.se/författare/NordmannP/titlar/RyssarneIPärnå/info;;
22525112;https://litteraturbanken.se/författare/PalmA/titlar/Långholmsdrömmar/info;;
22516223;https://litteraturbanken.se/författare/HagströmerJ/titlar/FrånMinaVandringsår/info;;
22516222;https://litteraturbanken.se/författare/Anonym/titlar/Indianflickan/info;;
22516156;https://litteraturbanken.se/författare/LagerlöfS/titlar/EttÄfventyrIVineta/info;;
22516155;https://litteraturbanken.se/författare/LindhéW/titlar/Skattepenningen/info;;
22515627;https://litteraturbanken.se/författare/WahlströmOF/titlar/StockholmskaNätter/info;;
22511284;https://litteraturbanken.se/författare/SwedbergJ/titlar/DextraSorsDocendiDiscendi/info;;
22502601;https://litteraturbanken.se/författare/ForsmanKF/titlar/Darrgräs/info;;
22502598;https://litteraturbanken.se/författare/DanielssonAx/titlar/FlugornaOchSpindlarne/info;;
22488391;https://litteraturbanken.se/författare/LangeI/titlar/Luba/info;;
22488268;https://litteraturbanken.se/författare/HoltzH/titlar/StjernorIQvällen/info;;
22488152;https://litteraturbanken.se/författare/HedbergF/titlar/VacklandeGrund/info;;
22459582;https://litteraturbanken.se/författare/BergstenR/titlar/Tillfällighetsdikter/info;;
22451230;https://litteraturbanken.se/författare/PetterssonV/titlar/DenGamle/info;;
22451218;https://litteraturbanken.se/författare/SvensonA/titlar/Storgubbar/info;;
22451154;https://litteraturbanken.se/författare/NordinJAE/titlar/NovisenISolberga/info;;
22430423;https://litteraturbanken.se/författare/ThomassonP/titlar/KarlDenTiondeOchÖlänningen/info;;
22430420;https://litteraturbanken.se/författare/BerglundA/titlar/VackraMaria/info;;
22430411;https://litteraturbanken.se/författare/FuruhjelmM/titlar/Kärfwen/info;;
22430405;https://litteraturbanken.se/författare/HjärneR/titlar/DiktOchVerklighet/info;;
22430403;https://litteraturbanken.se/författare/PihlstrandR/titlar/GrefvenAfSverige/info;;
22430389;https://litteraturbanken.se/författare/WilénF/titlar/MedPennaOchSax/info;;
22430326;https://litteraturbanken.se/författare/WinterR/titlar/MadeleinesHemgift/info;;
22428184;https://litteraturbanken.se/författare/ÅbergJO/titlar/Spåqvinnan/info;;
22428180;https://litteraturbanken.se/författare/AurellW/titlar/RingenMedSvartaStenen/info;;
22428150;https://litteraturbanken.se/författare/TigerschiöldH/titlar/DikterFrånSkogOchSjö/info;;
22419294;https://litteraturbanken.se/författare/PihlstrandR/titlar/NilsDacke/info;;
22365820;https://litteraturbanken.se/författare/WallmarkE/titlar/VisorOchKupletter1Musik/info;;
22365636;https://litteraturbanken.se/författare/WallmarkE/titlar/VisorOchKupletter3Musik/info;;
22365606;https://litteraturbanken.se/författare/WallmarkE/titlar/VisorOchKupletter1Ord/info;;
22356897;https://litteraturbanken.se/författare/NordlingJohan/titlar/DolceFarNiente/info;;
22336457;https://litteraturbanken.se/författare/HolmkvistA/titlar/HalmstadlaxOchFortepiano/info;;
22282872;https://litteraturbanken.se/författare/NorlingB/titlar/Sonetter/info;;
22281663;https://litteraturbanken.se/författare/FallströmD/titlar/Diamantkorset/info;;
22280305;https://litteraturbanken.se/författare/PihlstrandR/titlar/Jernhandsken/info;;
22271516;https://litteraturbanken.se/författare/HedenstiernaA/titlar/FrökenJennysKonditioner/info;;
22271511;https://litteraturbanken.se/författare/AhrenbergJ/titlar/FamiljenPåHaapakoski/info;;
22216538;https://litteraturbanken.se/författare/ForssmanE/titlar/SkuldOchFörsoning/info;;
22216224;https://litteraturbanken.se/författare/EkebladKJ/titlar/DiktarensBazar1884/info;;
22149709;https://litteraturbanken.se/författare/Anonym/titlar/VårtFolk/info;;
22126195;https://litteraturbanken.se/författare/Bååth-HolmbergC/titlar/Landsbygdsinteriörer/info;;
22122203;https://litteraturbanken.se/författare/SundmanG/titlar/FlyddaDagar/info;;
22121751;https://litteraturbanken.se/författare/EhrnroothA/titlar/Höstskörd/info;;
22118234;https://litteraturbanken.se/författare/GranathW/titlar/EnQvinnasHämd1/info;;
22115569;https://litteraturbanken.se/författare/LefflerAC/titlar/EfterlämnadeSkrifter2/info;;
22108653,23;https://litteraturbanken.se/författare/ZilliacusKäldre/titlar/Utvandrarehistorier/info;;
22108615;https://litteraturbanken.se/författare/RoosM/titlar/Önskekransen/info;;
22108016;https://litteraturbanken.se/författare/NyblomH/titlar/Noveller4/info;;
22107916;https://litteraturbanken.se/författare/RothSO/titlar/DeVerkligaStockholmsmysterierna/info;;
22107762;https://litteraturbanken.se/författare/RybergK/titlar/Bägaren/info;;
22106643;https://litteraturbanken.se/författare/CarlénO/titlar/PåVillovägar/info;;
22106638;https://litteraturbanken.se/författare/CarlénO/titlar/BorgfrunPåUfvestad/info;;
22102358;https://litteraturbanken.se/författare/BehmO/titlar/Skumrasket/info;;
22102214;https://litteraturbanken.se/författare/WigströmE/titlar/Kardegille/info;;
22093218;https://litteraturbanken.se/författare/HeidenstamV/titlar/HansAlienus1-1892/info;;
22093217;https://litteraturbanken.se/författare/HeidenstamV/titlar/HansAlienus2-1892/info;;
22093213;https://litteraturbanken.se/författare/HeidenstamV/titlar/HansAlienus3-1892/info;;
22058150;https://litteraturbanken.se/författare/SundlerA/titlar/KonungCarlXV/info;;
21998906;https://litteraturbanken.se/författare/VestE/titlar/FrånAntikens/info;;
21985924;https://litteraturbanken.se/författare/AhrenbergJ/titlar/Stockjunkarn/info;;
21978495;https://litteraturbanken.se/författare/KochR/titlar/Statsministern1/info;;
21931928;https://litteraturbanken.se/författare/JohnsonJ/titlar/EnÄfventyrligLustresa/info;;
21908899;https://litteraturbanken.se/författare/EngströmCA/titlar/FörsynensSkickelser/info;;
21908871;https://litteraturbanken.se/författare/HertzbergR/titlar/HelsingforsMonaco/info;;
21908748;https://litteraturbanken.se/författare/HofstenJC/titlar/BilderUrWermlandsFolklif/info;;
21906320;https://litteraturbanken.se/författare/Anonym/titlar/VäpnarenBryngelsÄfventyr/info;;
21892834;https://litteraturbanken.se/författare/LundinC/titlar/AlinaFrank/info;;
21892703;https://litteraturbanken.se/författare/BååthAU/titlar/DenSvenskeResenären/info;;
21892663;https://litteraturbanken.se/författare/HjelmqvistT/titlar/EnJulbild/info;;
21890201;https://litteraturbanken.se/författare/NybergJP/titlar/Gerolda/info;;
21890040;https://litteraturbanken.se/författare/OhlssonJ/titlar/IBetryck/info;;
21883689;https://litteraturbanken.se/författare/PihlstrandR/titlar/BirgerJarlsSöner/info;;
21869464;https://litteraturbanken.se/författare/KerfstedtA/titlar/Eva/info;;
21864315;https://litteraturbanken.se/författare/PihlstrandR/titlar/FrökenBärfeltsHemlighet/info;;
21848505;https://litteraturbanken.se/författare/WetterberghCA/titlar/UrOnkelAdamsPortfölj/info;;
21820600;https://litteraturbanken.se/författare/WilénF/titlar/MuntraHistorierFrånLandOchHaf/info;;
21820574;https://litteraturbanken.se/författare/NordinJAE/titlar/SeverinNorby/info;;
21805396;https://litteraturbanken.se/författare/PihlstrandR/titlar/MillionärensDotterson/info;;
21770473;https://litteraturbanken.se/författare/JohnsonJ/titlar/FarbrorTrulslundsStockholmstrip/info;;
21770471;https://litteraturbanken.se/författare/WetterberghCA/titlar/BerättelserSkizzerOchNoveller1/info;;
21770103;https://litteraturbanken.se/författare/WetterberghCA/titlar/BerättelserSkizzerOchNoveller2/info;;
21765358;https://litteraturbanken.se/författare/ÅbergJO/titlar/GustafIIAdolphsSistaGåfva/info;;
21702477;https://litteraturbanken.se/författare/BehmO/titlar/SmåStrider/info;;
21645782;https://litteraturbanken.se/författare/Anonym/titlar/SjelfmördarensFästmö/info;;
21645669;https://litteraturbanken.se/författare/TegnérE/titlar/UrEsaiasTegnérsPapper/info;;
21642397;https://litteraturbanken.se/författare/NordlingJohan/titlar/Qvinnor/info;;
21628936;https://litteraturbanken.se/författare/JohansdotterBergM/titlar/Folkdikter/info;;
21588764;https://litteraturbanken.se/författare/BanérB/titlar/BarbroBanérsVisbok/info;;
21581453;https://litteraturbanken.se/författare/NèlsonJF/titlar/Godsförvaltaren/info;;
21579630;https://litteraturbanken.se/författare/NordmannP/titlar/MotFyren/info;;
21562194;https://litteraturbanken.se/författare/LundinC/titlar/StockholmstyperFörrOchNu/info;;
21532835;https://litteraturbanken.se/författare/ReuterJ/titlar/Dikter/info;;
21532810;https://litteraturbanken.se/författare/SaxonJL/titlar/IHanegället/info;;
21532710;https://litteraturbanken.se/författare/SchultzJG/titlar/VärjhuggOchNålsting/info;;
21532686;https://litteraturbanken.se/författare/StrindbergA/titlar/LiktOchOlikt2_1884/info;;
21520904;https://litteraturbanken.se/författare/EhrnroothA/titlar/BlandFattigaOchRika/info;;
21520743;https://litteraturbanken.se/författare/BehmO/titlar/UnderRasten/info;;
21520723;https://litteraturbanken.se/författare/AlfthanGE/titlar/Skuggan/info;;
21520701;https://litteraturbanken.se/författare/AhrenbergJ/titlar/Hemma/info;;
21520023;https://litteraturbanken.se/författare/RubensonO/titlar/NärTimmenSlår/info;;
21520011;https://litteraturbanken.se/författare/WahlströmOF/titlar/StockholmskaSkuggsidor/info;;
21519090;https://litteraturbanken.se/författare/PihlstrandR/titlar/FornforskarensSagorOchBerättelser1/info;;
21505830;https://litteraturbanken.se/författare/OngelinH/titlar/GuldOchSlagg/info;;
21504487;https://litteraturbanken.se/författare/UllmanEE/titlar/EnSwenskAdelsmansÄfwentyr2/info;;
21331991;https://litteraturbanken.se/författare/Anonym/titlar/DiktförsökAfJanne/info;;
21331985;https://litteraturbanken.se/författare/HultgrenG/titlar/SkuggorOchDagrar/info;;
21331982;https://litteraturbanken.se/författare/BruzeliusV/titlar/FörNöjesSkull/info;;
21154241;https://litteraturbanken.se/författare/EngelbertR/titlar/VärdshusetVidHaga1/info;;
21154239;https://litteraturbanken.se/författare/HertzbergR/titlar/ProfessorerOchStudenter/info;;
21153352;https://litteraturbanken.se/författare/HertzbergR/titlar/Löjtnanten/info;;
21133928;https://litteraturbanken.se/författare/GripenbergA/titlar/Strån/info;;
21088590;https://litteraturbanken.se/författare/BergerL/titlar/Dikter1884/info;;
21088529;https://litteraturbanken.se/författare/HertzbergR/titlar/NyaDikter/info;;
21088514;https://litteraturbanken.se/författare/LjungbergE/titlar/RomantiskaÖden/info;;
21082928;https://litteraturbanken.se/författare/RipaE/titlar/FrånEttKälkborgarnäste/info;;
20916001;https://litteraturbanken.se/författare/GrönstedtJ/titlar/Vännerna/info;;
20915999;https://litteraturbanken.se/författare/GrönstedtJ/titlar/FrieriernaPåNordanfors/info;;
20915424;https://litteraturbanken.se/författare/HertzbergR/titlar/Dikter/info;;
20915312;https://litteraturbanken.se/författare/RingbomOE/titlar/UrFantasinsOchVerklighetensVerld/info;;
20915278;https://litteraturbanken.se/författare/SchenfeltI/titlar/MinMansIdeal/info;;
20915210;https://litteraturbanken.se/författare/OngelinH/titlar/SkiizzerOchBerättelser/info;;
20914395;https://litteraturbanken.se/författare/LundquistE/titlar/EnLifsgåta/info;;
20914394;https://litteraturbanken.se/författare/WallmarkE/titlar/ErnstWallmarksVisorOchKupletter2/info;;
20914325;https://litteraturbanken.se/författare/CarlénO/titlar/NordensJeanneDArc/info;;
20914312;https://litteraturbanken.se/författare/AhrenbergJ/titlar/PåFrämmandeBotten/info;;
20913965;https://litteraturbanken.se/författare/ZethraeusAG/titlar/Johannes/info;;
20910404;https://litteraturbanken.se/författare/LjungbergE/titlar/Snöflingan/info;;
20910046;https://litteraturbanken.se/författare/Anonym/titlar/Jernvägssmällar/info;;
20908466;https://litteraturbanken.se/författare/KnorringS/titlar/Skizzer2-2/info;;
20906936;https://litteraturbanken.se/författare/KnorringS/titlar/Förhoppningar2/info;;
20906915;https://litteraturbanken.se/författare/KnorringS/titlar/Förhoppningar3/info;;
20906814;https://litteraturbanken.se/författare/KnorringS/titlar/Förhoppningar1/info;;
20858041;https://litteraturbanken.se/författare/KnorringS/titlar/Skizzer2-1/info;;
20857954;https://litteraturbanken.se/författare/KnorringS/titlar/Vännerna2/info;;
20848791;https://litteraturbanken.se/författare/KnorringS/titlar/Vännerna1/info;;
20823721;https://litteraturbanken.se/författare/GripenbergA/titlar/ITätnandeLed/info;;
20808434;https://litteraturbanken.se/författare/KnorringS/titlar/Vännerna3/info;;
20796777;https://litteraturbanken.se/författare/EngströmCA/titlar/Ugglan/info;;
20696305;https://litteraturbanken.se/författare/WemanA/titlar/UppåtEllerNedåt/info;;
20677294;https://litteraturbanken.se/författare/WickströmVH/titlar/Bildning/info;;
20677045;https://litteraturbanken.se/författare/ZetterholmC/titlar/EbbesKjittesJohannes/info;;
20676646;https://litteraturbanken.se/författare/Anonym/titlar/LitteräraTidsfördrif/info;;
20402479,23;https://litteraturbanken.se/författare/ZilliacusKäldre/titlar/Mariquita/info;;
20402478;https://litteraturbanken.se/författare/ÅbergJO/titlar/EnModigFlicka/info;;
20396912;https://litteraturbanken.se/författare/BjörksténE/titlar/DeSista/info;;
20396893;https://litteraturbanken.se/författare/PetterssonV/titlar/PåLustfärd/info;;
20396885;https://litteraturbanken.se/författare/PfeifferS/titlar/SkönÖllegård/info;;
20216910;https://litteraturbanken.se/författare/RothSO/titlar/SolglimtarOchMolntappar1/info;;
20211177;https://litteraturbanken.se/författare/BehmO/titlar/Folklif/info;;
20195933;https://litteraturbanken.se/författare/QvantenAvon/titlar/SällsammaHistorier/info;;
20195932;https://litteraturbanken.se/författare/Anonym/titlar/SkuldOchOskuld1890/info;;
20195930;https://litteraturbanken.se/författare/SteijerA/titlar/GamlaMinnen/info;;
20174288;https://litteraturbanken.se/författare/OmbergJM/titlar/Irene/info;;
20174284;https://litteraturbanken.se/författare/OngelinH/titlar/Knallhattarne/info;;
20174283,2;https://litteraturbanken.se/författare/NordlingJohan/titlar/EttStorstadsbarn/info;;
20174282,2;https://litteraturbanken.se/författare/OlánO/titlar/Ögonkast/info;;
20172574,2;https://litteraturbanken.se/författare/NyblomH/titlar/DiktOchVerklighet/info;;
20168156,2;https://litteraturbanken.se/författare/LundqvistJ/titlar/Galenskaper/info;;
20143615;https://litteraturbanken.se/författare/Anonym/titlar/Gudrun/info;;
20130996;https://litteraturbanken.se/författare/MellinGH/titlar/Historisktromantiska2/info;;
20102381;https://litteraturbanken.se/författare/MelanderR/titlar/SkonertenSjöfogeln/info;;
20101865;https://litteraturbanken.se/författare/ÅbergJO/titlar/EnDugtigFiskarpojke/info;;
20098725,2;https://litteraturbanken.se/författare/KrookNathalia/titlar/Dikter/info;;
20098672,2;https://litteraturbanken.se/författare/LindholmPA/titlar/HistoriskaBerättelser1/info;;
20098617,2;https://litteraturbanken.se/författare/LindholmPA/titlar/HistoriskaBerättelser2/info;;
20098549,2;https://litteraturbanken.se/författare/LindholmPA/titlar/HistoriskaBerättelser3/info;;
20098482,2;https://litteraturbanken.se/författare/LindholmPA/titlar/HistoriskaBerättelser4/info;;
20098463,2;https://litteraturbanken.se/författare/LundquistA/titlar/Seger/info;;
20098454;https://litteraturbanken.se/författare/Anonym/titlar/BlandVinkelhakarOchRegaler/info;;
20098374;https://litteraturbanken.se/författare/HertzbergR/titlar/KnektOchBonde/info;;
20098292,2;https://litteraturbanken.se/författare/HögmanA/titlar/EnSjömansReseminnen1/info;;
20098012;https://litteraturbanken.se/författare/ÖstergrenPJ/titlar/Elsa/info;;
20067142;https://litteraturbanken.se/författare/FuruhjelmM/titlar/Hvardagslag/info;;
20067139;https://litteraturbanken.se/författare/GravalliusW/titlar/FrånÖstergötlandsBygder/info;;
20059519;https://litteraturbanken.se/författare/QvantenAvon/titlar/FrånSkildaKretsar/info;;
20059277;https://litteraturbanken.se/författare/PihlstrandR/titlar/IvanMazeppa/info;;
20058759;https://litteraturbanken.se/författare/MickwitzGvon/titlar/Solglöd/info;;
20058172;https://litteraturbanken.se/författare/FogelholmA/titlar/SuraOchGladaMiner/info;;
20056723;https://litteraturbanken.se/författare/PihlstrandR/titlar/SistaStyfvernsTrappor/info;;
20053493;https://litteraturbanken.se/författare/Anonym/titlar/SmåBlommorFrånWildmarken/info;;
20053474;https://litteraturbanken.se/författare/Anonym/titlar/HansDotter/info;;
20053470;https://litteraturbanken.se/författare/LindqvistF/titlar/Trädgårdsblommor/info;;
20053457;https://litteraturbanken.se/författare/Anonym/titlar/EnFlickaSomBesökteFolkskolan/info;;
20053444;https://litteraturbanken.se/författare/ForssmanE/titlar/TrohetIDetRinga/info;;
20053438;https://litteraturbanken.se/författare/ForssmanE/titlar/Lotsen/info;;
20053419;https://litteraturbanken.se/författare/HyvönenK/titlar/Snöklockor/info;;
20053235;https://litteraturbanken.se/författare/BruzeliusV/titlar/UrLuntan/info;;
20053221;https://litteraturbanken.se/författare/AhrenbergJ/titlar/Österut/info;;
20052954;https://litteraturbanken.se/författare/NordlingJohan/titlar/Vera/info;;
20052953;https://litteraturbanken.se/författare/NyholmCA/titlar/TvenneJulaftnar/info;;
20038548;https://litteraturbanken.se/författare/UllnerC/titlar/Spillror/info;;
20036382;https://litteraturbanken.se/författare/NordmannP/titlar/UnderSkildaFanor/info;;
20036372;https://litteraturbanken.se/författare/MontellH/titlar/HumoreskerOchSmåplock/info;;
20001381;https://litteraturbanken.se/författare/AllardtA/titlar/Byberättelser1/info;;
19979493;https://litteraturbanken.se/författare/ScholanderFW/titlar/FWScholandersSkrifter1/info;;
19979467;https://litteraturbanken.se/författare/ScholanderFW/titlar/FWScholandersSkrifter2/info;;
19976914;https://litteraturbanken.se/författare/ScholanderFW/titlar/FWScholandersSkrifter3/info;;
19952038;https://litteraturbanken.se/författare/AnderssonC/titlar/BlommorFörLifvet/info;;
19949397;https://litteraturbanken.se/författare/JahnssonEF/titlar/KorpensBerättelser2/info;;
19949361;https://litteraturbanken.se/författare/PetterssonV/titlar/BilderUrSkatuddslifvet/info;;
19948001;https://litteraturbanken.se/författare/KjersénE/titlar/EnJulafton/info;;
19933905;https://litteraturbanken.se/författare/HodellF/titlar/Syskonen/info;;
19932028;https://litteraturbanken.se/författare/FogelholmA/titlar/FingeröfningarPåLyra/info;;
19927395;https://litteraturbanken.se/författare/EhrnroothA/titlar/HvardagslifvetsSkuggorOchDagrar/info;;
19916597;https://litteraturbanken.se/författare/AnderssonJ/titlar/UrFantasienOchVerkligheten/info;;
18629057;https://litteraturbanken.se/författare/SandsjöFO/titlar/EnInteriör/info;;
18629056;https://litteraturbanken.se/författare/SandsjöFO/titlar/EnNattligInteriör/info;;
17869558;https://litteraturbanken.se/författare/AhlstromO/titlar/MusikalisktTidsfördrif1823/info;;
17869558;https://litteraturbanken.se/författare/AhlstromO/titlar/MusikalisktTidsfördrif1798/info;;
17869558;https://litteraturbanken.se/författare/AhlstromO/titlar/MusikalisktTidsfördrif1829/info;;
17869558;https://litteraturbanken.se/författare/AhlstromO/titlar/MusikalisktTidsfördrif1827/info;;
17869558;https://litteraturbanken.se/författare/AhlstromO/titlar/MusikalisktTidsfördrif1791/info;;
17869558;https://litteraturbanken.se/författare/AhlstromO/titlar/MusikalisktTidsfördrif1790/info;;
17869558;https://litteraturbanken.se/författare/AhlstromO/titlar/MusikalisktTidsfördrif1807/info;;
17869558;https://litteraturbanken.se/författare/AhlstromO/titlar/MusikalisktTidsfördrif1794/info;;
17869558;https://litteraturbanken.se/författare/AhlstromO/titlar/MusikalisktTidsfördrif1793/info;;
17869558;https://litteraturbanken.se/författare/AhlstromO/titlar/MusikalisktTidsfördrif1817/info;;
17869558;https://litteraturbanken.se/författare/AhlstromO/titlar/MusikalisktTidsfördrif1814/info;;
17869558;https://litteraturbanken.se/författare/AhlstromO/titlar/MusikalisktTidsfördrif1800/info;;
17869558;https://litteraturbanken.se/författare/AhlstromO/titlar/MusikalisktTidsfördrif1801/info;;
17869558;https://litteraturbanken.se/författare/AhlstromO/titlar/MusikalisktTidsfördrif1804/info;;
17869558;https://litteraturbanken.se/författare/AhlstromO/titlar/MusikalisktTidsfördrif1816/info;;
17869558;https://litteraturbanken.se/författare/AhlstromO/titlar/MusikalisktTidsfördrif1799/info;;
17869558;https://litteraturbanken.se/författare/AhlstromO/titlar/MusikalisktTidsfördrif1822/info;;
17869558;https://litteraturbanken.se/författare/AhlstromO/titlar/MusikalisktTidsfördrif1806/info;;
17869558;https://litteraturbanken.se/författare/AhlstromO/titlar/MusikalisktTidsfördrif1812/info;;
17869558;https://litteraturbanken.se/författare/AhlstromO/titlar/MusikalisktTidsfördrif1808/info;;
17869558;https://litteraturbanken.se/författare/AhlstromO/titlar/MusikalisktTidsfördrif1802/info;;
17869558;https://litteraturbanken.se/författare/AhlstromO/titlar/MusikalisktTidsfördrif1797/info;;
17869558;https://litteraturbanken.se/författare/AhlstromO/titlar/MusikalisktTidsfördrif1819/info;;
17869558;https://litteraturbanken.se/författare/AhlstromO/titlar/MusikalisktTidsfördrif1805/info;;
17869558;https://litteraturbanken.se/författare/AhlstromO/titlar/MusikalisktTidsfördrif1792/info;;
17869558;https://litteraturbanken.se/författare/AhlstromO/titlar/MusikalisktTidsfördrif1833/info;;
17869558;https://litteraturbanken.se/författare/AhlstromO/titlar/MusikalisktTidsfördrif1826/info;;
17869558;https://litteraturbanken.se/författare/AhlstromO/titlar/MusikalisktTidsfördrif1834/info;;
17869558;https://litteraturbanken.se/författare/AhlstromO/titlar/MusikalisktTidsfördrif1813/info;;
17869558;https://litteraturbanken.se/författare/AhlstromO/titlar/MusikalisktTidsfördrif1825/info;;
17869558;https://litteraturbanken.se/författare/AhlstromO/titlar/MusikalisktTidsfördrif1821/info;;
17869558;https://litteraturbanken.se/författare/AhlstromO/titlar/MusikalisktTidsfördrif1820/info;;
17869558;https://litteraturbanken.se/författare/AhlstromO/titlar/MusikalisktTidsfördrif1810/info;;
17869558;https://litteraturbanken.se/författare/AhlstromO/titlar/MusikalisktTidsfördrif1830/info;;
17869558;https://litteraturbanken.se/författare/AhlstromO/titlar/MusikalisktTidsfördrifRegister/info;;
17869558;https://litteraturbanken.se/författare/AhlstromO/titlar/MusikalisktTidsfördrif1818/info;;
17869558;https://litteraturbanken.se/författare/AhlstromO/titlar/MusikalisktTidsfördrif1803/info;;
17869558;https://litteraturbanken.se/författare/AhlstromO/titlar/MusikalisktTidsfördrif1795/info;;
17869558;https://litteraturbanken.se/författare/AhlstromO/titlar/MusikalisktTidsfördrif1809/info;;
17869558;https://litteraturbanken.se/författare/AhlstromO/titlar/MusikalisktTidsfördrif1789/info;;
17869558;https://litteraturbanken.se/författare/AhlstromO/titlar/MusikalisktTidsfördrif1811/info;;
17869558;https://litteraturbanken.se/författare/AhlstromO/titlar/MusikalisktTidsfördrif1824/info;;
17869558;https://litteraturbanken.se/författare/AhlstromO/titlar/MusikalisktTidsfördrif1831/info;;
17869558;https://litteraturbanken.se/författare/AhlstromO/titlar/MusikalisktTidsfördrif1832/info;;
17869558;https://litteraturbanken.se/författare/AhlstromO/titlar/MusikalisktTidsfördrif1828/info;;
17869558;https://litteraturbanken.se/författare/AhlstromO/titlar/MusikalisktTidsfördrif1796/info;;
17869558;https://litteraturbanken.se/författare/AhlstromO/titlar/MusikalisktTidsfördrif1815/info;;
17542008;https://litteraturbanken.se/författare/TavaststjernaK/titlar/MarinOchGenre/info;;
17541997;https://litteraturbanken.se/författare/TavaststjernaK/titlar/IFörbindelser/info;;
14845197;https://litteraturbanken.se/författare/KämpeA/titlar/Mikaelsdal/info;https://litteraturbanken.se/txt/epub/KämpeA_Mikaelsdal.epub;https://litteraturbanken.se/txt/lb1615057/cover.png (större)
14738832;https://litteraturbanken.se/författare/LefflerAC/titlar/UrLifvet3_2/info;;