4ngw2c1g3mwgcb2	cplusplus
j1tlb1zv5jtc0fg	cplusplus
7qj91s6k2r7trj1	cplusplus
p60rhc6119gmjnx	cplusplus
9slc3xzm5g8d2zq	cplusplus
dxqrvp1q2dnspgd	cplusplus
j2v02fkv0j9rx4f	cplusplus
sx4sm0pz5k18pd4	cplusplus
xf74pv682l9zrc7	cplusplus
gzrj83xs5d1tv46	cplusplus
q8246z924fcsx4d	cplusplus
wd652ch74k3k8b0	girlwithdragontattoo
h1tvw7jt2fkhnt8	girlwithdragontattoo
dxqsrwvq2cqklxc	girlwithdragontattoo
3mff4h2f0g34d88	girlwithdragontattoo
btmmhw5n02gpq65	girlwithdragontattoo
6qjj7htj356kt7n	girlwithdragontattoo
8rkkqr0l49gktl8	girlwithdragontattoo
m4xx7gcz0wjg8bb	girlwithdragontattoo
m4xx4lrz0dhz2ww	girlwithdragontattoo
sb45b98434dcg7s	girlwithdragontattoo
0jbfq4zb3wg5mvg	girlwithdragontattoo
l4x24l6x090qjpw	girlwithdragontattoo
7rkt3c2k1r61jrf	girlwithdragontattoo
2kccr2fd40fq4sr	kristinlavransdatter
p60kq0012fvgc38	kristinlavransdatter
tb4pv4452gtxfsm	kristinlavransdatter
7qjd263k0knv04m	kristinlavransdatter
q71lr1125k3cjjd	kristinlavransdatter
6ph290rj1qk055n	kristinlavransdatter
9tmqwdxm1080ctz	kristinlavransdatter
8rkf3mtl3h3mgbg	kristinlavransdatter
j2v6gjfv4s3n3v4	kristinlavransdatter
8rkkcxvl1p07hvr	kristinlavransdatter
8sllbqrl2rbkmwl	neverwhere
n601r4601p9gqnw	neverwhere
t39dlffdr1fscx1k	neverwhere
jsx3fs1bg8kkkbkq	neverwhere
vd6k7sr614zt5rt	neverwhere
h0snfltt29n4s7t	neverwhere
0h96ft4b3029738	neverwhere
r93g6p033vtdvjk	neverwhere
wf7n0kn720r9bsh	neverwhere
cwpzn3vp14b8h8s	neverwhere
p7137hx1018bcr3	neverwhere
0jbcfngb039fsgh	nitricoxide
1kcdgqrc3znqqjf	nitricoxide
cwp01djp4v6jtpt	norma
0jbn0kjb3lppmzp	norma
q82dprg24plqh3m	norma
g0s37n5s1hs70hl	norma
j2v647pv17n5f45	norma
n60g9qv04ng8l0b	norma
4ddj09j522d8bdfr	norma
zg8t0gn90tpfdrb	visjnjovyj_sad
6phc38bj0945s24	visjnjovyj_sad
wd669sz759pnrwz	visjnjovyj_sad
8rk5wzfl0mgn7ts	visjnjovyj_sad
xg8bg2h854ld9f8	visjnjovyj_sad
n5zw166035lbs15	visjnjovyj_sad
cwpqf1tp2m17sfx	visjnjovyj_sad
2lds6g6d04zw1h7	visjnjovyj_sad
cvnl3p6p0p3f403	visjnjovyj_sad
m4xmnb6z1m04jk7	visjnjovyj_sad
btmh8hdn437f1zs	Grisfesten - bok på svenska
s93zq0442tl4m5g	
n5zv3gh02jnszqm	
5ngbzfrh3hcl5lt	
r82xk2135t7bvgc	
gzrq14bs0s7kdpd	
3ldb2rxf5nfj4cj	
cvnm4hkp0xbhv2l	
xf77z5780pw9h4x	
p60xkh713b7b1p2	Grisfesten - Recension
m4xwcw7z3xrjjqv	Grisfesten - E-bok
xf77k2s855rmlpv	Grisfesten - Ljudbok, talbok
tb44gzp53mt2bcw	
dxqsvmpq45vwq85	
s32jlnm3qldqd3h8	
h0snl45t38xf1sp	Grisfesten - Översättning nederländska
sb4c7dd44qxxq8d	Grisfesten - Översättning finska
r93b6cc31v76qwp	
n60738804ldk0t7	
q71wklk20wfxnsb	Grisfesten - Översättning norska
xf73rtc80wb9q5f	
5gfldcgg3849skfg	
m5z3n20z4nlfwft	Grisfesten - Översättning franska
8rk5pb1l5qh27ws	Grisfesten - Översättning ryska
n5ztz5000bvw7b5	Grisfesten - Översättning danska
9tm33x9m59807h8	Grisfesten - Filmatisering svenska
vc550wl63wps6qg	
6gf15dh74g6rxgnv	
blkth6k6898gwm5j	
fpnxl9nvc480lvpx	
ktsdjrv4h292sbnl	
blk59jmp829rk9r6	
6gf15dgx4vfz2z0d	
q0z7wlxfnl89xhxp	
z7p0lb61wvsdl3x7	Pappaklausulen
g0s89rds30w6m3x	
4d0ktz1p27hpdl4s	
