VISNING I SIGNUMGENERATOR,SAMLING,FORMAT
2021,Utländska monografier,Oktav
2021 Q,Utländska monografier,Kvarto
2021 F,Utländska monografier,Folio
Berghman 2021,Berghman monografier,Oktav
Berghman 2021 F,Berghman monografier,Folio
Ry 2021,Ryska monografier,Oktav
Ry 2021 Q,Ryska monografier,Kvarto
Ry 2021 F,Ryska monografier,Folio
Sv2021,Svenska monografier,Oktav
Sv2021Q,Svenska monografier,Kvarto
Sv2021F,Svenska monografier,Folio
Sv2021 br,Svenska broschyrer,Oktav
Sv2021Q br,Svenska broschyrer,Kvarto
Sv2021F br,Svenska broschyrer,Folio
Sv2021 Diss,Svenska dissertation,Oktav
Sv2021Q Diss,Svenska dissertation,Kvarto
z2021,Suecana monografier,Oktav
z2021Q,Suecana monografier,Kvarto
z2021F,Suecana monografier,Folio
z2021 br,Suecana broschyrer,Oktav
z2021Q br,Suecana broschyrer,Kvarto
z2021F br,Suecana broschyrer,Folio
