1local	local
2 gmgpc//swe'	gmgpc/swe
2 gsafd	gsafd
2aogf	saogf
2barngf	barngf
2gsafd	saogf
3saogf	saogf
allars	allars
allärs.	allars
aogf	saogf
asogf	saogf
b arngf	barngf
baen	barngf
bangf	barngf
banrgf	barngf
barbgf	barngf
bargf	barngf
Barn	barngf
barn & ungdomslitteratur	barngf
barnböcker	barngf
barnfg	barngf
barng	barngf
Barngf	barngf
barngf.	barngf
barngf978-0-545-55273-8	barngf
barngft	barngf
barnggf	barngf
barngr	barngf
barnogf	barngf
barnsg	barngf
barnsgf	barngf
bella	bella
bella.	bella
bokbas	bokbas
bokbas  nno	bokbas
bokbas  nob	bokbas
brangf	barngf
brngf	barngf
bsaogf	saogf
czenas	czenas
czenas.	czenas
fas	fast
fast	fast
fast	fast
fast  (OCoLC)fst01411628	fast
fast  (OCoLC)fst01411629	fast
fast  (OCoLC)fst01411630	fast
fast  (OCoLC)fst01411635	fast
fast  (OCoLC)fst01411636	fast
fast  (OCoLC)fst01423686	fast
fast  (OCoLC)fst01423692	fast
fast  (OCoLC)fst01423696	fast
fast  (OCoLC)fst01423700	fast
fast  (OCoLC)fst01423702	fast
fast  (OCoLC)fst01423704	fast
fast  (OCoLC)fst01423723	fast
fast  (OCoLC)fst01423765	fast
fast  (OCoLC)fst01423767	fast
fast  (OCoLC)fst01423769	fast
fast  (OCoLC)fst01423772	fast
fast  (OCoLC)fst01423787	fast
fast  (OCoLC)fst01423791	fast
fast  (OCoLC)fst01423794	fast
fast  (OCoLC)fst01423798	fast
fast  (OCoLC)fst01423818	fast
fast  (OCoLC)fst01423826	fast
fast  (OCoLC)fst01423828	fast
fast  (OCoLC)fst01423831	fast
fast  (OCoLC)fst01423832	fast
fast  (OCoLC)fst01423843	fast
fast  (OCoLC)fst01423874	fast
fast  (OCoLC)fst01423879	fast
fast  (OCoLC)fst01423900	fast
fast  (OCoLC)fst01423910	fast
fast  (OCoLC)fst01423917	fast
fast  (OCoLC)fst01424028	fast
fast  (OCoLC)fst01424065	fast
fast  (OCoLC)fst01710491	fast
fast  (OCoLC)fst01726581	fast
fast  (OCoLC)fst01726589	fast
fast  (OCoLC)fst01726755	fast
fast  (OCoLC)fst01774239	fast
fast  (OCoLC)fst01919894	fast
fast  (OCoLC)fst01919896	fast
fast  (OCoLC)fst01919950	fast
fast  fst01411628	fast
fast (OCoLC)fst01411628	fast
fast (OCoLC)fst01411629	fast
fast (OCoLC)fst01411635	fast
fast (OCoLC)fst01423686	fast
fast (OCoLC)fst01423765	fast
fast (OCoLC)fst01423772	fast
fast (OCoLC)fst01423794	fast
fast (OCoLC)fst01919896	fast
fast (OCoLC)fst01919922	fast
fast (OCoLC)fst01986215	fast
fast 2	fast
fast 6	fast
fast 7	fast
fast 80	fast
fast f	fast
fast fst	fast
fast fst01423900	fast
fast mfst01423900	fast
fast-	fast
fast.	fast
gasfd	gsafd
gatbeg	gatbeg
gmg//swe	gmgpc/swe
gmgpc//2	gmgpc/swe
gmgpc//Swe	gmgpc/swe
gmgpc//swef	gmgpc/swe
gmgpc/swe	gmgpc/swe
gmgps//swe	gmgpc/swe
gnd	gnd
gnd-carrier	gnd-carrier
gnd-content	gnd-content
gnd-content.	gnd-content
gnd.	gnd
gsadfd	gsafd
gsafd	gsafd
gsafd.	gsafd
gsfd	gsafd
gtt	gtt
gtt  (NL-LeOCL)112192629	gtt
humord	humord
kao	kao
kaunokki	kaunokki
kaunokki.	kaunokki
kssb/8	barngf / saogf
lalars	allars
lcfgt	lcgft
lcgft	lcgft
LCGFT	lcgft
lcgft.	lcgft
lcshgf	lcgft
lgft	lcgft
loca	local
local	local
local.	local
localhcl	local
localHCL	local
lsch	lcgft
marcg	marcgt
marcgt	marcgt
marcgt 	marcgt
rbgenr	rbgenr
rbgenr.	rbgenr
rbpub	rbpub
rvmgf	rvmgf
s aogf	saogf
sa	saogf
sa0gf	saogf
saaogf	saogf
sabgf	saogf
safogf	saogf
sagf	saogf
saggf	saogf
sagogf	saogf
saigf	saogf
sakgf	saogf
salgf	saogf
samisk	samisk
Samisk	samisk
sao	saogf
saoagf	saogf
saobf	saogf
saobgf	saogf
saof	saogf
saofd	saogf
saoff	saogf
saofg	saogf
saofgf	saogf
saog	saogf
saog f	saogf
saogb	saogf
saogd	saogf
saogf	saogf
Saogf	saogf
SAOGF	saogf
saogf Skönlitteratur	saogf
saogf.	saogf
saogf//swe	saogf
saogf1805749	saogf
saogf2 lcgft	saogf
saogf407	saogf
saogfd	saogf
saogfft	saogf
saogfg	saogf
saogfj	saogf
saogfnew dictionary of theology	saogf
saogfnt	saogf
saogfo	saogf
saogfr	saogf
saogfsh	saogf
saogfst	saogf
saogft	saogf
saogg	saogf
saogh	saogf
saogp	saogf
saogrf	saogf
saohf	saogf
saorg	saogf
saosg	saogf
sapgf	saogf
sasogf	saogf
Sbiao	sbiao
sgaof	saogf
sgaogf	saogf
sgpgf	saogf
slm/fin	slm/fin
slm/fin.	slm/fin
slm/swe	slm/swe
slm/swe.	slm/swe
soagf	saogf
sogf	saogf
swd	swd
SWD	swd
swd.	swd
swemesh	swemesh
tgfbne	tgfbne
tgm	gmgpc/swe
TGM	gmgpc/swe
tgmgf	gmgpc/swe
ysa	ysa
ysa.	ysa
